20, 0, 0, 0, 0, 1, 0, 0, 0, 
40, 0, 0, 0, 0.625, 0.125, 0.25, 0, 0, 
60, 0, 0, 0.466667, 0.116667, 0.25, 0.0833333, 0.0833333, 0, 
80, 0, 0.3625, 0.1125, 0.2125, 0.125, 0.125, 0.0375, 0.025, 
100, 0.3, 0.09, 0.19, 0.14, 0.13, 0.07, 0.06, 0.02, 
120, 0.333333, 0.158333, 0.141667, 0.133333, 0.0833333, 0.0833333, 0.0333333, 0.0333333, 
140, 0.357143, 0.2, 0.128571, 0.0928571, 0.0928571, 0.05, 0.05, 0.0285714, 
160, 0.36875, 0.2125, 0.13125, 0.09375, 0.0625, 0.0625, 0.0375, 0.03125, 
180, 0.372222, 0.222222, 0.133333, 0.0888889, 0.0666667, 0.0444444, 0.0444444, 0.0277778, 
200, 0.37, 0.225, 0.14, 0.09, 0.06, 0.05, 0.035, 0.03, 
220, 0.363636, 0.231818, 0.140909, 0.0909091, 0.0636364, 0.0454545, 0.0363636, 0.0272727, 
240, 0.358333, 0.229167, 0.15, 0.0916667, 0.0625, 0.0458333, 0.0333333, 0.0291667, 
260, 0.35, 0.234615, 0.146154, 0.1, 0.0615385, 0.0461538, 0.0346154, 0.0269231, 
280, 0.342857, 0.232143, 0.153571, 0.0964286, 0.0678571, 0.0464286, 0.0321429, 0.0285714, 
300, 0.336667, 0.23, 0.153333, 0.103333, 0.0666667, 0.0466667, 0.0366667, 0.0266667, 
320, 0.328125, 0.23125, 0.15625, 0.103125, 0.06875, 0.05, 0.034375, 0.028125, 
340, 0.323529, 0.226471, 0.158824, 0.105882, 0.0705882, 0.05, 0.0352941, 0.0294118, 
360, 0.316667, 0.227778, 0.155556, 0.108333, 0.075, 0.05, 0.0361111, 0.0305556, 
380, 0.310526, 0.223684, 0.160526, 0.107895, 0.0763158, 0.0526316, 0.0368421, 0.0315789, 
400, 0.305, 0.2225, 0.1575, 0.1125, 0.0775, 0.0525, 0.04, 0.0325, 
420, 0.3, 0.219048, 0.159524, 0.111905, 0.0785714, 0.0571429, 0.0404762, 0.0333333, 
440, 0.293182, 0.220455, 0.156818, 0.113636, 0.0818182, 0.0568182, 0.0431818, 0.0340909, 
460, 0.28913, 0.215217, 0.16087, 0.113043, 0.0826087, 0.0586957, 0.0434783, 0.0369565, 
480, 0.283333, 0.216667, 0.15625, 0.116667, 0.0833333, 0.0604167, 0.0458333, 0.0375, 
500, 0.28, 0.212, 0.16, 0.114, 0.086, 0.062, 0.046, 0.04, 
520, 0.275, 0.211538, 0.157692, 0.117308, 0.0846154, 0.0634615, 0.05, 0.0403846, 
540, 0.272222, 0.207407, 0.159259, 0.116667, 0.087037, 0.0648148, 0.05, 0.0425926, 
560, 0.267857, 0.207143, 0.157143, 0.117857, 0.0875, 0.0660714, 0.0517857, 0.0446429, 
580, 0.263793, 0.205172, 0.156897, 0.118966, 0.087931, 0.0672414, 0.0534483, 0.0465517, 
600, 0.26, 0.203333, 0.156667, 0.118333, 0.09, 0.0683333, 0.055, 0.0483333, 
620, 0.256452, 0.201613, 0.156452, 0.119355, 0.0903226, 0.0693548, 0.0564516, 0.05, 
640, 0.253125, 0.2, 0.15625, 0.11875, 0.0921875, 0.0703125, 0.0578125, 0.0515625, 
660, 0.25, 0.198485, 0.154545, 0.121212, 0.0909091, 0.0727273, 0.0590909, 0.0530303, 
680, 0.247059, 0.197059, 0.154412, 0.119118, 0.0941176, 0.0735294, 0.0602941, 0.0544118, 
700, 0.244286, 0.195714, 0.152857, 0.121429, 0.0928571, 0.0757143, 0.0614286, 0.0557143, 
720, 0.241667, 0.193056, 0.154167, 0.119444, 0.0958333, 0.075, 0.0638889, 0.0569444, 
740, 0.239189, 0.191892, 0.152703, 0.121622, 0.0945946, 0.077027, 0.0648649, 0.0581081, 
760, 0.236842, 0.190789, 0.152632, 0.119737, 0.0973684, 0.0776316, 0.0657895, 0.0592105, 
780, 0.234615, 0.189744, 0.151282, 0.121795, 0.0961538, 0.0794872, 0.0666667, 0.0602564, 
800, 0.2325, 0.1875, 0.1525, 0.12, 0.09875, 0.07875, 0.06875, 0.06125, 
820, 0.229268, 0.187805, 0.15, 0.123171, 0.0963415, 0.0817073, 0.0682927, 0.0634146, 
840, 0.227381, 0.185714, 0.15119, 0.120238, 0.1, 0.0809524, 0.0702381, 0.0642857, 
860, 0.225581, 0.184884, 0.148837, 0.123256, 0.0976744, 0.0837209, 0.0709302, 0.0651163, 
880, 0.223864, 0.182955, 0.15, 0.120455, 0.101136, 0.0829545, 0.0727273, 0.0659091, 
900, 0.221111, 0.183333, 0.147778, 0.123333, 0.0988889, 0.0855556, 0.0722222, 0.0677778, 
920, 0.219565, 0.180435, 0.15, 0.120652, 0.102174, 0.0836957, 0.075, 0.0684783, 
940, 0.217021, 0.180851, 0.147872, 0.123404, 0.1, 0.0861702, 0.0744681, 0.0702128, 
960, 0.215625, 0.179167, 0.148958, 0.120833, 0.103125, 0.0854167, 0.0760417, 0.0708333, 
980, 0.214286, 0.178571, 0.146939, 0.123469, 0.10102, 0.0877551, 0.0765306, 0.0714286, 
1000, 0.213, 0.177, 0.148, 0.121, 0.104, 0.087, 0.078, 0.072, 
1020, 0.210784, 0.177451, 0.146078, 0.123529, 0.101961, 0.0892157, 0.077451, 0.0735294, 
1040, 0.209615, 0.175, 0.148077, 0.121154, 0.104808, 0.0875, 0.0798077, 0.0740385, 
1060, 0.207547, 0.175472, 0.145283, 0.124528, 0.101887, 0.090566, 0.0792453, 0.0754717, 
1080, 0.206481, 0.173148, 0.147222, 0.121296, 0.105556, 0.0888889, 0.0814815, 0.0759259, 
1100, 0.204545, 0.173636, 0.144545, 0.124545, 0.102727, 0.0918182, 0.0809091, 0.0772727, 
1120, 0.203571, 0.171429, 0.146429, 0.121429, 0.10625, 0.0901786, 0.0830357, 0.0776786, 
1140, 0.201754, 0.17193, 0.14386, 0.124561, 0.103509, 0.0929825, 0.0824561, 0.0789474, 
1160, 0.200862, 0.169828, 0.14569, 0.121552, 0.106897, 0.0913793, 0.0844828, 0.0793103, 
1180, 0.199153, 0.170339, 0.14322, 0.124576, 0.104237, 0.0940678, 0.0838983, 0.0805085, 
1200, 0.198333, 0.168333, 0.145, 0.121667, 0.1075, 0.0925, 0.0858333, 0.0808333, 
1220, 0.196721, 0.168852, 0.142623, 0.12459, 0.104918, 0.095082, 0.0852459, 0.0819672, 
1240, 0.195968, 0.166935, 0.144355, 0.121774, 0.108065, 0.0935484, 0.0870968, 0.0822581, 
1260, 0.194444, 0.16746, 0.142063, 0.124603, 0.105556, 0.0960317, 0.0865079, 0.0833333, 
1280, 0.19375, 0.165625, 0.14375, 0.121875, 0.108594, 0.0945313, 0.0882813, 0.0835937, 
1300, 0.192308, 0.166154, 0.141538, 0.124615, 0.106154, 0.0969231, 0.0876923, 0.0846154, 
1320, 0.191667, 0.164394, 0.143182, 0.12197, 0.109091, 0.0954545, 0.0893939, 0.0848485, 
1340, 0.190299, 0.164925, 0.141045, 0.124627, 0.106716, 0.0977612, 0.088806, 0.0858209, 
1360, 0.189706, 0.163235, 0.142647, 0.122059, 0.109559, 0.0963235, 0.0904412, 0.0860294, 
1380, 0.188406, 0.163768, 0.14058, 0.124638, 0.107246, 0.0985507, 0.0898551, 0.0869565, 
1400, 0.187857, 0.162143, 0.142143, 0.122143, 0.11, 0.0971429, 0.0914286, 0.0871429, 
1420, 0.18662, 0.162676, 0.140141, 0.124648, 0.107746, 0.0992958, 0.0908451, 0.0880282, 
1440, 0.186111, 0.161111, 0.141667, 0.122222, 0.110417, 0.0979167, 0.0923611, 0.0881944, 
1460, 0.184932, 0.161644, 0.139726, 0.124658, 0.108219, 0.1, 0.0917808, 0.0890411, 
1480, 0.184459, 0.160135, 0.141216, 0.122297, 0.110811, 0.0986486, 0.0932432, 0.0891892, 
1500, 0.183333, 0.160667, 0.139333, 0.124667, 0.108667, 0.100667, 0.0926667, 0.09, 
1520, 0.182895, 0.159211, 0.140789, 0.122368, 0.111184, 0.0993421, 0.094079, 0.0901316, 
1540, 0.181818, 0.15974, 0.138961, 0.124675, 0.109091, 0.101299, 0.0935065, 0.0909091, 
1560, 0.18141, 0.158333, 0.140385, 0.122436, 0.111538, 0.1, 0.0948718, 0.0910256, 
1580, 0.18038, 0.158861, 0.138608, 0.124684, 0.109494, 0.101899, 0.0943038, 0.0917722, 
1600, 0.18, 0.1575, 0.14, 0.1225, 0.111875, 0.100625, 0.095625, 0.091875, 
1620, 0.179012, 0.158025, 0.138272, 0.124691, 0.109877, 0.102469, 0.0950617, 0.0925926, 
1640, 0.178659, 0.156707, 0.139634, 0.122561, 0.112195, 0.10122, 0.0963415, 0.0926829, 
1660, 0.177711, 0.157229, 0.137952, 0.124699, 0.110241, 0.103012, 0.0957831, 0.0933735, 
1680, 0.177381, 0.155952, 0.139286, 0.122619, 0.1125, 0.101786, 0.0970238, 0.0934524, 
1700, 0.176471, 0.156471, 0.137647, 0.124706, 0.110588, 0.103529, 0.0964706, 0.0941176, 
1720, 0.176163, 0.155233, 0.138953, 0.122674, 0.112791, 0.102326, 0.0976744, 0.094186, 
1740, 0.175287, 0.155747, 0.137356, 0.124713, 0.11092, 0.104023, 0.0971264, 0.0948276, 
1760, 0.175, 0.154545, 0.138636, 0.122727, 0.113068, 0.102841, 0.0982955, 0.0948864, 
1780, 0.174157, 0.155056, 0.137079, 0.124719, 0.111236, 0.104494, 0.0977528, 0.0955056, 
1800, 0.173889, 0.153889, 0.138333, 0.122778, 0.113333, 0.103333, 0.0988889, 0.0955556, 
1820, 0.173077, 0.154396, 0.136813, 0.124725, 0.111538, 0.104945, 0.0983516, 0.0961538, 
1840, 0.172826, 0.153261, 0.138043, 0.122826, 0.113587, 0.103804, 0.0994565, 0.0961957, 
1860, 0.172043, 0.153763, 0.136559, 0.124731, 0.111828, 0.105376, 0.0989247, 0.0967742, 
1880, 0.171809, 0.15266, 0.137766, 0.122872, 0.11383, 0.104255, 0.1, 0.0968085, 
1900, 0.171053, 0.153158, 0.136316, 0.124737, 0.112105, 0.105789, 0.0994737, 0.0973684, 
1920, 0.170833, 0.152083, 0.1375, 0.122917, 0.114063, 0.104687, 0.100521, 0.0973958, 
1940, 0.170103, 0.152577, 0.136082, 0.124742, 0.112371, 0.106186, 0.1, 0.0979381, 
1960, 0.169898, 0.151531, 0.137245, 0.122959, 0.114286, 0.105102, 0.10102, 0.0979592, 
1980, 0.169192, 0.15202, 0.135859, 0.124747, 0.112626, 0.106566, 0.100505, 0.0984849, 
2000, 0.169, 0.151, 0.137, 0.123, 0.1145, 0.1055, 0.1015, 0.0985, 
2020, 0.168317, 0.151485, 0.135644, 0.124752, 0.112871, 0.106931, 0.10099, 0.0990099, 
2040, 0.168137, 0.15049, 0.136765, 0.123039, 0.114706, 0.105882, 0.101961, 0.0990196, 
2060, 0.167476, 0.150971, 0.135437, 0.124757, 0.113107, 0.107282, 0.101456, 0.0995146, 
2080, 0.167308, 0.15, 0.136538, 0.123077, 0.114904, 0.10625, 0.102404, 0.0995192, 
2100, 0.166667, 0.150476, 0.135238, 0.124762, 0.113333, 0.107619, 0.101905, 0.1, 
2120, 0.166509, 0.149528, 0.136321, 0.123113, 0.115094, 0.106604, 0.10283, 0.1, 
2140, 0.165888, 0.15, 0.135047, 0.124766, 0.113551, 0.107944, 0.102336, 0.100467, 
2160, 0.165741, 0.149074, 0.136111, 0.123148, 0.115278, 0.106944, 0.103241, 0.100463, 
2180, 0.165138, 0.149541, 0.134862, 0.124771, 0.113761, 0.108257, 0.102752, 0.100917, 
2200, 0.165, 0.148636, 0.135909, 0.123182, 0.115455, 0.107273, 0.103636, 0.100909, 
2220, 0.164414, 0.149099, 0.134685, 0.124775, 0.113964, 0.108559, 0.103153, 0.101351, 
2240, 0.164286, 0.148214, 0.135714, 0.123214, 0.115625, 0.107589, 0.104018, 0.101339, 
2260, 0.163717, 0.148673, 0.134513, 0.124779, 0.114159, 0.10885, 0.10354, 0.10177, 
2280, 0.163596, 0.147807, 0.135526, 0.123246, 0.115789, 0.107895, 0.104386, 0.101754, 
2300, 0.163043, 0.148261, 0.134348, 0.124783, 0.114348, 0.10913, 0.103913, 0.102174, 
2320, 0.162931, 0.147414, 0.135345, 0.123276, 0.115948, 0.10819, 0.104741, 0.102155, 
2340, 0.162393, 0.147863, 0.134188, 0.124786, 0.11453, 0.109402, 0.104274, 0.102564, 
2360, 0.162288, 0.147034, 0.135169, 0.123305, 0.116102, 0.108475, 0.105085, 0.102542, 
2380, 0.161765, 0.147479, 0.134034, 0.12479, 0.114706, 0.109664, 0.104622, 0.102941, 
2400, 0.161667, 0.146667, 0.135, 0.123333, 0.11625, 0.10875, 0.105417, 0.102917, 
2420, 0.161157, 0.147107, 0.133884, 0.124793, 0.114876, 0.109917, 0.104959, 0.103306, 
2440, 0.161066, 0.146311, 0.134836, 0.123361, 0.116393, 0.109016, 0.105738, 0.103279, 
2460, 0.160569, 0.146748, 0.13374, 0.124797, 0.115041, 0.110163, 0.105285, 0.103659, 
2480, 0.160484, 0.145968, 0.134677, 0.123387, 0.116532, 0.109274, 0.106048, 0.103629, 
2500, 0.16, 0.1464, 0.1336, 0.1248, 0.1152, 0.1104, 0.1056, 0.104, 
2520, 0.159921, 0.145635, 0.134524, 0.123413, 0.116667, 0.109524, 0.106349, 0.103968, 
2540, 0.159449, 0.146063, 0.133465, 0.124803, 0.115354, 0.11063, 0.105906, 0.104331, 
2560, 0.159375, 0.145313, 0.134375, 0.123438, 0.116797, 0.109766, 0.106641, 0.104297, 
2580, 0.158915, 0.145736, 0.133333, 0.124806, 0.115504, 0.110853, 0.106202, 0.104651, 
2600, 0.158846, 0.145, 0.134231, 0.123462, 0.116923, 0.11, 0.106923, 0.104615, 
2620, 0.158397, 0.14542, 0.133206, 0.124809, 0.115649, 0.111069, 0.106489, 0.104962, 
2640, 0.158333, 0.144697, 0.134091, 0.123485, 0.117045, 0.110227, 0.107197, 0.104924, 
2660, 0.157895, 0.145113, 0.133083, 0.124812, 0.115789, 0.111278, 0.106767, 0.105263, 
2680, 0.157836, 0.144403, 0.133955, 0.123507, 0.117164, 0.110448, 0.107463, 0.105224, 
2700, 0.157407, 0.144815, 0.132963, 0.124815, 0.115926, 0.111481, 0.107037, 0.105556, 
2720, 0.157353, 0.144118, 0.133824, 0.123529, 0.117279, 0.110662, 0.107721, 0.105515, 
2740, 0.156934, 0.144526, 0.132847, 0.124818, 0.116058, 0.111679, 0.107299, 0.105839, 
2760, 0.156884, 0.143841, 0.133696, 0.123551, 0.117391, 0.11087, 0.107971, 0.105797, 
2780, 0.156475, 0.144245, 0.132734, 0.12482, 0.116187, 0.111871, 0.107554, 0.106115, 
2800, 0.156429, 0.143571, 0.133571, 0.123571, 0.1175, 0.111071, 0.108214, 0.106071, 
2820, 0.156028, 0.143972, 0.132624, 0.124823, 0.116312, 0.112057, 0.107801, 0.106383, 
2840, 0.155986, 0.14331, 0.133451, 0.123592, 0.117606, 0.111268, 0.108451, 0.106338, 
2860, 0.155594, 0.143706, 0.132517, 0.124825, 0.116434, 0.112238, 0.108042, 0.106643, 
2880, 0.155556, 0.143056, 0.133333, 0.123611, 0.117708, 0.111458, 0.108681, 0.106597, 
2900, 0.155172, 0.143448, 0.132414, 0.124828, 0.116552, 0.112414, 0.108276, 0.106897, 
2920, 0.155137, 0.142808, 0.133219, 0.12363, 0.117808, 0.111644, 0.108904, 0.106849, 
2940, 0.154762, 0.143197, 0.132313, 0.12483, 0.116667, 0.112585, 0.108503, 0.107143, 
2960, 0.15473, 0.142568, 0.133108, 0.123649, 0.117905, 0.111824, 0.109122, 0.107095, 
2980, 0.154362, 0.142953, 0.132215, 0.124832, 0.116779, 0.112752, 0.108725, 0.107383, 
3000, 0.154333, 0.142333, 0.133, 0.123667, 0.118, 0.112, 0.109333, 0.107333, 
3020, 0.153974, 0.142715, 0.132119, 0.124834, 0.116887, 0.112914, 0.10894, 0.107616, 
3040, 0.153947, 0.142105, 0.132895, 0.123684, 0.118092, 0.112171, 0.109539, 0.107566, 
3060, 0.153595, 0.142484, 0.132026, 0.124837, 0.116993, 0.113072, 0.10915, 0.107843, 
3080, 0.153571, 0.141883, 0.132792, 0.123701, 0.118182, 0.112338, 0.10974, 0.107792, 
3100, 0.153226, 0.142258, 0.131935, 0.124839, 0.117097, 0.113226, 0.109355, 0.108065, 
3120, 0.153205, 0.141667, 0.132692, 0.123718, 0.118269, 0.1125, 0.109936, 0.108013, 
3140, 0.152866, 0.142038, 0.131847, 0.124841, 0.117197, 0.113376, 0.109554, 0.10828, 
3160, 0.152848, 0.141456, 0.132595, 0.123734, 0.118354, 0.112658, 0.110127, 0.108228, 
3180, 0.152516, 0.141824, 0.131761, 0.124843, 0.117296, 0.113522, 0.109748, 0.108491, 
3200, 0.1525, 0.14125, 0.1325, 0.12375, 0.118437, 0.112812, 0.110312, 0.108438, 
3220, 0.152174, 0.141615, 0.131677, 0.124845, 0.117391, 0.113665, 0.109938, 0.108696, 
3240, 0.15216, 0.141049, 0.132407, 0.123765, 0.118519, 0.112963, 0.110494, 0.108642, 
3260, 0.15184, 0.141411, 0.131595, 0.124847, 0.117485, 0.113804, 0.110123, 0.108896, 
3280, 0.151829, 0.140854, 0.132317, 0.12378, 0.118598, 0.11311, 0.110671, 0.108841, 
3300, 0.151515, 0.141212, 0.131515, 0.124848, 0.117576, 0.113939, 0.110303, 0.109091, 
3320, 0.151506, 0.140663, 0.132229, 0.123795, 0.118675, 0.113253, 0.110843, 0.109036, 
3340, 0.151198, 0.141018, 0.131437, 0.12485, 0.117665, 0.114072, 0.110479, 0.109281, 
3360, 0.15119, 0.140476, 0.132143, 0.12381, 0.11875, 0.113393, 0.111012, 0.109226, 
3380, 0.150888, 0.140828, 0.131361, 0.124852, 0.117751, 0.114201, 0.110651, 0.109467, 
3400, 0.150882, 0.140294, 0.132059, 0.123824, 0.118824, 0.113529, 0.111176, 0.109412, 
3420, 0.150585, 0.140643, 0.131287, 0.124854, 0.117836, 0.114327, 0.110819, 0.109649, 
3440, 0.150581, 0.140116, 0.131977, 0.123837, 0.118895, 0.113663, 0.111337, 0.109593, 
3460, 0.150289, 0.140462, 0.131214, 0.124855, 0.117919, 0.114451, 0.110983, 0.109827, 
3480, 0.150287, 0.139943, 0.131897, 0.123851, 0.118966, 0.113793, 0.111494, 0.10977, 
3500, 0.15, 0.140286, 0.131143, 0.124857, 0.118, 0.114571, 0.111143, 0.11, 
3520, 0.15, 0.139773, 0.131818, 0.123864, 0.119034, 0.11392, 0.111648, 0.109943, 
3540, 0.149718, 0.140113, 0.131073, 0.124859, 0.118079, 0.114689, 0.111299, 0.110169, 
3560, 0.149719, 0.139607, 0.131742, 0.123876, 0.119101, 0.114045, 0.111798, 0.110112, 
3580, 0.149441, 0.139944, 0.131006, 0.12486, 0.118156, 0.114804, 0.111453, 0.110335, 
3600, 0.149444, 0.139444, 0.131667, 0.123889, 0.119167, 0.114167, 0.111944, 0.110278, 
3620, 0.149171, 0.139779, 0.130939, 0.124862, 0.118232, 0.114917, 0.111602, 0.110497, 
3640, 0.149176, 0.139286, 0.131593, 0.123901, 0.119231, 0.114286, 0.112088, 0.11044, 
3660, 0.148907, 0.139617, 0.130874, 0.124863, 0.118306, 0.115027, 0.111749, 0.110656, 
3680, 0.148913, 0.13913, 0.131522, 0.123913, 0.119293, 0.114402, 0.112228, 0.110598, 
3700, 0.148649, 0.139459, 0.130811, 0.124865, 0.118378, 0.115135, 0.111892, 0.110811, 
3720, 0.148656, 0.138978, 0.131452, 0.123925, 0.119355, 0.114516, 0.112366, 0.110753, 
3740, 0.148396, 0.139305, 0.130749, 0.124866, 0.118449, 0.115241, 0.112032, 0.110963, 
3760, 0.148404, 0.13883, 0.131383, 0.123936, 0.119415, 0.114628, 0.1125, 0.110904, 
3780, 0.148148, 0.139153, 0.130688, 0.124868, 0.118519, 0.115344, 0.112169, 0.111111, 
3800, 0.148158, 0.138684, 0.131316, 0.123947, 0.119474, 0.114737, 0.112632, 0.111053, 
3820, 0.147906, 0.139005, 0.130628, 0.124869, 0.118586, 0.115445, 0.112304, 0.111257, 
3840, 0.147917, 0.138542, 0.13125, 0.123958, 0.119531, 0.114844, 0.11276, 0.111198, 
3860, 0.147668, 0.13886, 0.13057, 0.12487, 0.118653, 0.115544, 0.112435, 0.111399, 
3880, 0.14768, 0.138402, 0.131186, 0.123969, 0.119588, 0.114948, 0.112887, 0.11134, 
3900, 0.147436, 0.138718, 0.130513, 0.124872, 0.118718, 0.115641, 0.112564, 0.111538, 
3920, 0.147449, 0.138265, 0.131122, 0.12398, 0.119643, 0.115051, 0.11301, 0.11148, 
3940, 0.147208, 0.138579, 0.130457, 0.124873, 0.118782, 0.115736, 0.11269, 0.111675, 
3960, 0.147222, 0.138131, 0.131061, 0.12399, 0.119697, 0.115152, 0.113131, 0.111616, 
3980, 0.146985, 0.138442, 0.130402, 0.124874, 0.118844, 0.115829, 0.112814, 0.111809, 
4000, 0.147, 0.138, 0.131, 0.124, 0.11975, 0.11525, 0.11325, 0.11175, 
4020, 0.146766, 0.138308, 0.130348, 0.124876, 0.118905, 0.11592, 0.112935, 0.11194, 
4040, 0.146782, 0.137871, 0.130941, 0.12401, 0.119802, 0.115347, 0.113366, 0.111881, 
4060, 0.146552, 0.138177, 0.130296, 0.124877, 0.118966, 0.11601, 0.113054, 0.112069, 
4080, 0.146569, 0.137745, 0.130882, 0.12402, 0.119853, 0.115441, 0.11348, 0.11201, 
4100, 0.146341, 0.138049, 0.130244, 0.124878, 0.119024, 0.116098, 0.113171, 0.112195, 
4120, 0.146359, 0.137621, 0.130825, 0.124029, 0.119903, 0.115534, 0.113592, 0.112136, 
4140, 0.146135, 0.137923, 0.130193, 0.124879, 0.119082, 0.116184, 0.113285, 0.112319, 
4160, 0.146154, 0.1375, 0.130769, 0.124038, 0.119952, 0.115625, 0.113702, 0.11226, 
4180, 0.145933, 0.137799, 0.130144, 0.12488, 0.119139, 0.116268, 0.113397, 0.11244, 
4200, 0.145952, 0.137381, 0.130714, 0.124048, 0.12, 0.115714, 0.11381, 0.112381, 
4220, 0.145735, 0.137678, 0.130095, 0.124882, 0.119194, 0.116351, 0.113507, 0.112559, 
4240, 0.145755, 0.137264, 0.13066, 0.124057, 0.120047, 0.115802, 0.113915, 0.1125, 
4260, 0.14554, 0.137559, 0.130047, 0.124883, 0.119249, 0.116432, 0.113615, 0.112676, 
4280, 0.145561, 0.13715, 0.130607, 0.124065, 0.120093, 0.115888, 0.114019, 0.112617, 
4300, 0.145349, 0.137442, 0.13, 0.124884, 0.119302, 0.116512, 0.113721, 0.112791, 
4320, 0.14537, 0.137037, 0.130556, 0.124074, 0.120139, 0.115972, 0.11412, 0.112731, 
4340, 0.145161, 0.137327, 0.129954, 0.124885, 0.119355, 0.11659, 0.113825, 0.112903, 
4360, 0.145183, 0.136927, 0.130505, 0.124083, 0.120183, 0.116055, 0.11422, 0.112844, 
4380, 0.144977, 0.137215, 0.129909, 0.124886, 0.119406, 0.116667, 0.113927, 0.113014, 
4400, 0.145, 0.136818, 0.130455, 0.124091, 0.120227, 0.116136, 0.114318, 0.112955, 
4420, 0.144796, 0.137104, 0.129864, 0.124887, 0.119457, 0.116742, 0.114027, 0.113122, 
4440, 0.14482, 0.136712, 0.130405, 0.124099, 0.12027, 0.116216, 0.114414, 0.113063, 
4460, 0.144619, 0.136996, 0.129821, 0.124888, 0.119507, 0.116816, 0.114126, 0.113229, 
4480, 0.144643, 0.136607, 0.130357, 0.124107, 0.120312, 0.116295, 0.114509, 0.11317, 
4500, 0.144444, 0.136889, 0.129778, 0.124889, 0.119556, 0.116889, 0.114222, 0.113333, 
4520, 0.144469, 0.136504, 0.13031, 0.124115, 0.120354, 0.116372, 0.114602, 0.113274, 
4540, 0.144273, 0.136784, 0.129736, 0.12489, 0.119604, 0.11696, 0.114317, 0.113436, 
4560, 0.144298, 0.136404, 0.130263, 0.124123, 0.120395, 0.116447, 0.114693, 0.113377, 
4580, 0.144105, 0.136681, 0.129694, 0.124891, 0.119651, 0.117031, 0.11441, 0.113537, 
4600, 0.14413, 0.136304, 0.130217, 0.12413, 0.120435, 0.116522, 0.114783, 0.113478, 
4620, 0.143939, 0.13658, 0.129654, 0.124892, 0.119697, 0.1171, 0.114502, 0.113636, 
4640, 0.143966, 0.136207, 0.130172, 0.124138, 0.120474, 0.116595, 0.114871, 0.113578, 
4660, 0.143777, 0.136481, 0.129614, 0.124893, 0.119742, 0.117167, 0.114592, 0.113734, 
4680, 0.143803, 0.136111, 0.130128, 0.124145, 0.120513, 0.116667, 0.114957, 0.113675, 
4700, 0.143617, 0.136383, 0.129574, 0.124894, 0.119787, 0.117234, 0.114681, 0.11383, 
4720, 0.143644, 0.136017, 0.130085, 0.124153, 0.120551, 0.116737, 0.115042, 0.113771, 
4740, 0.14346, 0.136287, 0.129536, 0.124895, 0.119831, 0.1173, 0.114768, 0.113924, 
4760, 0.143487, 0.135924, 0.130042, 0.12416, 0.120588, 0.116807, 0.115126, 0.113866, 
4780, 0.143305, 0.136192, 0.129498, 0.124895, 0.119874, 0.117364, 0.114854, 0.114017, 
4800, 0.143333, 0.135833, 0.13, 0.124167, 0.120625, 0.116875, 0.115208, 0.113958, 
4820, 0.143154, 0.1361, 0.129461, 0.124896, 0.119917, 0.117427, 0.114938, 0.114108, 
4840, 0.143182, 0.135744, 0.129959, 0.124174, 0.120661, 0.116942, 0.115289, 0.11405, 
4860, 0.143004, 0.136008, 0.129424, 0.124897, 0.119959, 0.11749, 0.115021, 0.114198, 
4880, 0.143033, 0.135656, 0.129918, 0.12418, 0.120697, 0.117008, 0.115369, 0.114139, 
4900, 0.142857, 0.135918, 0.129388, 0.124898, 0.12, 0.117551, 0.115102, 0.114286, 
4920, 0.142886, 0.135569, 0.129878, 0.124187, 0.120732, 0.117073, 0.115447, 0.114228, 
4940, 0.142713, 0.13583, 0.129352, 0.124899, 0.12004, 0.117611, 0.115182, 0.114372, 
4960, 0.142742, 0.135484, 0.129839, 0.124194, 0.120766, 0.117137, 0.115524, 0.114315, 
4980, 0.14257, 0.135743, 0.129317, 0.1249, 0.12008, 0.117671, 0.115261, 0.114458, 
5000, 0.1426, 0.1354, 0.1298, 0.1242, 0.1208, 0.1172, 0.1156, 0.1144, 
5020, 0.14243, 0.135657, 0.129283, 0.1249, 0.12012, 0.117729, 0.115339, 0.114542, 
5040, 0.14246, 0.135317, 0.129762, 0.124206, 0.120833, 0.117262, 0.115675, 0.114484, 
5060, 0.142292, 0.135573, 0.129249, 0.124901, 0.120158, 0.117787, 0.115415, 0.114625, 
5080, 0.142323, 0.135236, 0.129724, 0.124213, 0.120866, 0.117323, 0.115748, 0.114567, 
5100, 0.142157, 0.13549, 0.129216, 0.124902, 0.120196, 0.117843, 0.11549, 0.114706, 
5120, 0.142188, 0.135156, 0.129688, 0.124219, 0.120898, 0.117383, 0.11582, 0.114648, 
5140, 0.142023, 0.135409, 0.129183, 0.124903, 0.120233, 0.117899, 0.115564, 0.114786, 
5160, 0.142054, 0.135078, 0.129651, 0.124225, 0.12093, 0.117442, 0.115891, 0.114729, 
5180, 0.141892, 0.135328, 0.129151, 0.124903, 0.12027, 0.117954, 0.115637, 0.114865, 
5200, 0.141923, 0.135, 0.129615, 0.124231, 0.120962, 0.1175, 0.115962, 0.114808, 
5220, 0.141762, 0.135249, 0.129119, 0.124904, 0.120307, 0.118008, 0.115709, 0.114943, 
5240, 0.141794, 0.134924, 0.12958, 0.124237, 0.120992, 0.117557, 0.116031, 0.114885, 
5260, 0.141635, 0.135171, 0.129087, 0.124905, 0.120342, 0.118061, 0.115779, 0.115019, 
5280, 0.141667, 0.134848, 0.129545, 0.124242, 0.121023, 0.117614, 0.116098, 0.114962, 
5300, 0.141509, 0.135094, 0.129057, 0.124906, 0.120377, 0.118113, 0.115849, 0.115094, 
5320, 0.141541, 0.134774, 0.129511, 0.124248, 0.121053, 0.117669, 0.116165, 0.115038, 
5340, 0.141386, 0.135019, 0.129026, 0.124906, 0.120412, 0.118165, 0.115918, 0.115169, 
5360, 0.141418, 0.134701, 0.129478, 0.124254, 0.121082, 0.117724, 0.116231, 0.115112, 
5380, 0.141264, 0.134944, 0.128996, 0.124907, 0.120446, 0.118216, 0.115985, 0.115242, 
5400, 0.141296, 0.13463, 0.129444, 0.124259, 0.121111, 0.117778, 0.116296, 0.115185, 
5420, 0.141144, 0.134871, 0.128967, 0.124908, 0.12048, 0.118266, 0.116052, 0.115314, 
5440, 0.141176, 0.134559, 0.129412, 0.124265, 0.12114, 0.117831, 0.11636, 0.115257, 
5460, 0.141026, 0.134799, 0.128938, 0.124908, 0.120513, 0.118315, 0.116117, 0.115385, 
5480, 0.141058, 0.134489, 0.12938, 0.12427, 0.121168, 0.117883, 0.116423, 0.115328, 
5500, 0.140909, 0.134727, 0.128909, 0.124909, 0.120545, 0.118364, 0.116182, 0.115455, 
5520, 0.140942, 0.13442, 0.129348, 0.124275, 0.121196, 0.117935, 0.116486, 0.115399, 
5540, 0.140794, 0.134657, 0.128881, 0.12491, 0.120578, 0.118412, 0.116245, 0.115523, 
5560, 0.140827, 0.134353, 0.129317, 0.124281, 0.121223, 0.117986, 0.116547, 0.115468, 
5580, 0.140681, 0.134588, 0.128853, 0.12491, 0.120609, 0.118459, 0.116308, 0.115591, 
5600, 0.140714, 0.134286, 0.129286, 0.124286, 0.12125, 0.118036, 0.116607, 0.115536, 
5620, 0.140569, 0.13452, 0.128826, 0.124911, 0.120641, 0.118505, 0.11637, 0.115658, 
5640, 0.140603, 0.13422, 0.129255, 0.124291, 0.121277, 0.118085, 0.116667, 0.115603, 
5660, 0.140459, 0.134452, 0.128799, 0.124912, 0.120671, 0.118551, 0.116431, 0.115724, 
5680, 0.140493, 0.134155, 0.129225, 0.124296, 0.121303, 0.118134, 0.116725, 0.115669, 
5700, 0.140351, 0.134386, 0.128772, 0.124912, 0.120702, 0.118596, 0.116491, 0.115789, 
5720, 0.140385, 0.134091, 0.129196, 0.124301, 0.121329, 0.118182, 0.116783, 0.115734, 
5740, 0.140244, 0.134321, 0.128746, 0.124913, 0.120732, 0.118641, 0.116551, 0.115854, 
5760, 0.140278, 0.134028, 0.129167, 0.124306, 0.121354, 0.118229, 0.11684, 0.115799, 
5780, 0.140138, 0.134256, 0.12872, 0.124913, 0.120761, 0.118685, 0.116609, 0.115917, 
5800, 0.140172, 0.133966, 0.129138, 0.12431, 0.121379, 0.118276, 0.116897, 0.115862, 
5820, 0.140034, 0.134192, 0.128694, 0.124914, 0.12079, 0.118729, 0.116667, 0.115979, 
5840, 0.140068, 0.133904, 0.12911, 0.124315, 0.121404, 0.118322, 0.116952, 0.115925, 
5860, 0.139932, 0.13413, 0.128669, 0.124915, 0.120819, 0.118771, 0.116724, 0.116041, 
5880, 0.139966, 0.133844, 0.129082, 0.12432, 0.121429, 0.118367, 0.117007, 0.115986, 
5900, 0.139831, 0.134068, 0.128644, 0.124915, 0.120847, 0.118814, 0.11678, 0.116102, 
5920, 0.139865, 0.133784, 0.129054, 0.124324, 0.121453, 0.118412, 0.117061, 0.116047, 
5940, 0.139731, 0.134007, 0.12862, 0.124916, 0.120875, 0.118855, 0.116835, 0.116162, 
5960, 0.139765, 0.133725, 0.129027, 0.124329, 0.121477, 0.118456, 0.117114, 0.116107, 
5980, 0.139632, 0.133946, 0.128595, 0.124916, 0.120903, 0.118896, 0.11689, 0.116221, 
6000, 0.139667, 0.133667, 0.129, 0.124333, 0.1215, 0.1185, 0.117167, 0.116167, 
6020, 0.139535, 0.133887, 0.128571, 0.124917, 0.12093, 0.118937, 0.116944, 0.116279, 
6040, 0.13957, 0.133609, 0.128974, 0.124338, 0.121523, 0.118543, 0.117219, 0.116225, 
6060, 0.139439, 0.133828, 0.128548, 0.124917, 0.120957, 0.118977, 0.116997, 0.116337, 
6080, 0.139474, 0.133553, 0.128947, 0.124342, 0.121546, 0.118586, 0.11727, 0.116283, 
6100, 0.139344, 0.13377, 0.128525, 0.124918, 0.120984, 0.119016, 0.117049, 0.116393, 
6120, 0.139379, 0.133497, 0.128922, 0.124346, 0.121569, 0.118627, 0.11732, 0.11634, 
6140, 0.139251, 0.133713, 0.128502, 0.124919, 0.12101, 0.119055, 0.117101, 0.11645, 
6160, 0.139286, 0.133442, 0.128896, 0.124351, 0.121591, 0.118669, 0.11737, 0.116396, 
6180, 0.139159, 0.133657, 0.128479, 0.124919, 0.121036, 0.119094, 0.117152, 0.116505, 
6200, 0.139194, 0.133387, 0.128871, 0.124355, 0.121613, 0.11871, 0.117419, 0.116452, 
6220, 0.139068, 0.133601, 0.128457, 0.12492, 0.121061, 0.119132, 0.117203, 0.116559, 
6240, 0.139103, 0.133333, 0.128846, 0.124359, 0.121635, 0.11875, 0.117468, 0.116506, 
6260, 0.138978, 0.133546, 0.128435, 0.12492, 0.121086, 0.119169, 0.117252, 0.116613, 
6280, 0.139013, 0.13328, 0.128822, 0.124363, 0.121656, 0.11879, 0.117516, 0.116561, 
6300, 0.138889, 0.133492, 0.128413, 0.124921, 0.121111, 0.119206, 0.117302, 0.116667, 
6320, 0.138924, 0.133228, 0.128797, 0.124367, 0.121677, 0.118829, 0.117563, 0.116614, 
6340, 0.138801, 0.133438, 0.128391, 0.124921, 0.121136, 0.119243, 0.11735, 0.116719, 
6360, 0.138836, 0.133176, 0.128774, 0.124371, 0.121698, 0.118868, 0.11761, 0.116667, 
6380, 0.138715, 0.133386, 0.12837, 0.124922, 0.12116, 0.119279, 0.117398, 0.116771, 
6400, 0.13875, 0.133125, 0.12875, 0.124375, 0.121719, 0.118906, 0.117656, 0.116719, 
6420, 0.138629, 0.133333, 0.128349, 0.124922, 0.121184, 0.119315, 0.117445, 0.116822, 
6440, 0.138665, 0.133075, 0.128727, 0.124379, 0.121739, 0.118944, 0.117702, 0.11677, 
6460, 0.138545, 0.133282, 0.128328, 0.124923, 0.121207, 0.11935, 0.117492, 0.116873, 
6480, 0.13858, 0.133025, 0.128704, 0.124383, 0.121759, 0.118981, 0.117747, 0.116821, 
6500, 0.138462, 0.133231, 0.128308, 0.124923, 0.121231, 0.119385, 0.117538, 0.116923, 
6520, 0.138497, 0.132975, 0.128681, 0.124387, 0.121779, 0.119018, 0.117791, 0.116871, 
6540, 0.138379, 0.13318, 0.128287, 0.124924, 0.121254, 0.119419, 0.117584, 0.116972, 
6560, 0.138415, 0.132927, 0.128659, 0.12439, 0.121799, 0.119055, 0.117835, 0.116921, 
6580, 0.138298, 0.133131, 0.128267, 0.124924, 0.121277, 0.119453, 0.117629, 0.117021, 
6600, 0.138333, 0.132879, 0.128636, 0.124394, 0.121818, 0.119091, 0.117879, 0.11697, 
6620, 0.138218, 0.133082, 0.128248, 0.124924, 0.121299, 0.119486, 0.117674, 0.117069, 
6640, 0.138253, 0.132831, 0.128614, 0.124398, 0.121837, 0.119127, 0.117922, 0.117018, 
6660, 0.138138, 0.133033, 0.128228, 0.124925, 0.121321, 0.11952, 0.117718, 0.117117, 
6680, 0.138174, 0.132784, 0.128593, 0.124401, 0.121856, 0.119162, 0.117964, 0.117066, 
6700, 0.13806, 0.132985, 0.128209, 0.124925, 0.121343, 0.119552, 0.117761, 0.117164, 
6720, 0.138095, 0.132738, 0.128571, 0.124405, 0.121875, 0.119196, 0.118006, 0.117113, 
6740, 0.137982, 0.132938, 0.12819, 0.124926, 0.121365, 0.119585, 0.117804, 0.117211, 
6760, 0.138018, 0.132692, 0.12855, 0.124408, 0.121893, 0.119231, 0.118047, 0.11716, 
6780, 0.137906, 0.132891, 0.128171, 0.124926, 0.121386, 0.119617, 0.117847, 0.117257, 
6800, 0.137941, 0.132647, 0.128529, 0.124412, 0.121912, 0.119265, 0.118088, 0.117206, 
6820, 0.13783, 0.132845, 0.128152, 0.124927, 0.121408, 0.119648, 0.117889, 0.117302, 
6840, 0.137865, 0.132602, 0.128509, 0.124415, 0.12193, 0.119298, 0.118129, 0.117251, 
6860, 0.137755, 0.132799, 0.128134, 0.124927, 0.121429, 0.119679, 0.11793, 0.117347, 
6880, 0.137791, 0.132558, 0.128488, 0.124419, 0.121948, 0.119331, 0.118169, 0.117297, 
6900, 0.137681, 0.132754, 0.128116, 0.124928, 0.121449, 0.11971, 0.117971, 0.117391, 
6920, 0.137717, 0.132514, 0.128468, 0.124422, 0.121965, 0.119364, 0.118208, 0.117341, 
6940, 0.137608, 0.132709, 0.128098, 0.124928, 0.12147, 0.119741, 0.118012, 0.117435, 
6960, 0.137644, 0.132471, 0.128448, 0.124425, 0.121983, 0.119397, 0.118247, 0.117385, 
6980, 0.137536, 0.132665, 0.12808, 0.124928, 0.12149, 0.119771, 0.118052, 0.117479, 
7000, 0.137571, 0.132429, 0.128429, 0.124429, 0.122, 0.119429, 0.118286, 0.117429, 
7020, 0.137464, 0.132621, 0.128063, 0.124929, 0.12151, 0.119801, 0.118091, 0.117521, 
7040, 0.1375, 0.132386, 0.128409, 0.124432, 0.122017, 0.11946, 0.118324, 0.117472, 
7060, 0.137394, 0.132578, 0.128045, 0.124929, 0.12153, 0.11983, 0.11813, 0.117564, 
7080, 0.137429, 0.132345, 0.12839, 0.124435, 0.122034, 0.119492, 0.118362, 0.117514, 
7100, 0.137324, 0.132535, 0.128028, 0.12493, 0.121549, 0.119859, 0.118169, 0.117606, 
7120, 0.13736, 0.132303, 0.128371, 0.124438, 0.122051, 0.119522, 0.118399, 0.117556, 
7140, 0.137255, 0.132493, 0.128011, 0.12493, 0.121569, 0.119888, 0.118207, 0.117647, 
7160, 0.137291, 0.132263, 0.128352, 0.124441, 0.122067, 0.119553, 0.118436, 0.117598, 
7180, 0.137187, 0.132451, 0.127994, 0.12493, 0.121588, 0.119916, 0.118245, 0.117688, 
7200, 0.137222, 0.132222, 0.128333, 0.124444, 0.122083, 0.119583, 0.118472, 0.117639, 
7220, 0.137119, 0.13241, 0.127978, 0.124931, 0.121607, 0.119945, 0.118283, 0.117729, 
7240, 0.137155, 0.132182, 0.128315, 0.124448, 0.122099, 0.119613, 0.118508, 0.11768, 
7260, 0.137052, 0.132369, 0.127961, 0.124931, 0.121625, 0.119972, 0.11832, 0.117769, 
7280, 0.137088, 0.132143, 0.128297, 0.124451, 0.122115, 0.119643, 0.118544, 0.11772, 
7300, 0.136986, 0.132329, 0.127945, 0.124932, 0.121644, 0.12, 0.118356, 0.117808, 
7320, 0.137022, 0.132104, 0.128279, 0.124454, 0.122131, 0.119672, 0.118579, 0.11776, 
7340, 0.136921, 0.132289, 0.127929, 0.124932, 0.121662, 0.120027, 0.118392, 0.117847, 
7360, 0.136957, 0.132065, 0.128261, 0.124457, 0.122147, 0.119701, 0.118614, 0.117799, 
7380, 0.136856, 0.132249, 0.127913, 0.124932, 0.12168, 0.120054, 0.118428, 0.117886, 
7400, 0.136892, 0.132027, 0.128243, 0.124459, 0.122162, 0.11973, 0.118649, 0.117838, 
7420, 0.136792, 0.13221, 0.127898, 0.124933, 0.121698, 0.120081, 0.118464, 0.117925, 
7440, 0.136828, 0.131989, 0.128226, 0.124462, 0.122177, 0.119758, 0.118683, 0.117876, 
7460, 0.136729, 0.132172, 0.127882, 0.124933, 0.121716, 0.120107, 0.118499, 0.117962, 
7480, 0.136765, 0.131952, 0.128209, 0.124465, 0.122193, 0.119786, 0.118717, 0.117914, 
7500, 0.136667, 0.132133, 0.127867, 0.124933, 0.121733, 0.120133, 0.118533, 0.118, 
7520, 0.136702, 0.131915, 0.128191, 0.124468, 0.122207, 0.119814, 0.11875, 0.117952, 
7540, 0.136605, 0.132095, 0.127851, 0.124934, 0.121751, 0.120159, 0.118568, 0.118037, 
7560, 0.13664, 0.131878, 0.128175, 0.124471, 0.122222, 0.119841, 0.118783, 0.117989, 
7580, 0.136544, 0.132058, 0.127836, 0.124934, 0.121768, 0.120185, 0.118602, 0.118074, 
7600, 0.136579, 0.131842, 0.128158, 0.124474, 0.122237, 0.119868, 0.118816, 0.118026, 
7620, 0.136483, 0.132021, 0.127822, 0.124934, 0.121785, 0.12021, 0.118635, 0.11811, 
7640, 0.136518, 0.131806, 0.128141, 0.124476, 0.122251, 0.119895, 0.118848, 0.118063, 
7660, 0.136423, 0.131984, 0.127807, 0.124935, 0.121802, 0.120235, 0.118668, 0.118146, 
7680, 0.136458, 0.131771, 0.128125, 0.124479, 0.122266, 0.119922, 0.11888, 0.118099, 
7700, 0.136364, 0.131948, 0.127792, 0.124935, 0.121818, 0.12026, 0.118701, 0.118182, 
7720, 0.136399, 0.131736, 0.128109, 0.124482, 0.12228, 0.119948, 0.118912, 0.118135, 
7740, 0.136305, 0.131912, 0.127778, 0.124935, 0.121835, 0.120284, 0.118734, 0.118217, 
7760, 0.13634, 0.131701, 0.128093, 0.124485, 0.122294, 0.119974, 0.118943, 0.11817, 
7780, 0.136247, 0.131877, 0.127763, 0.124936, 0.121851, 0.120308, 0.118766, 0.118252, 
7800, 0.136282, 0.131667, 0.128077, 0.124487, 0.122308, 0.12, 0.118974, 0.118205, 
7820, 0.136189, 0.131841, 0.127749, 0.124936, 0.121867, 0.120332, 0.118798, 0.118286, 
7840, 0.136224, 0.131633, 0.128061, 0.12449, 0.122321, 0.120026, 0.119005, 0.11824, 
7860, 0.136132, 0.131807, 0.127735, 0.124936, 0.121883, 0.120356, 0.11883, 0.118321, 
7880, 0.136168, 0.131599, 0.128046, 0.124492, 0.122335, 0.120051, 0.119036, 0.118274, 
7900, 0.136076, 0.131772, 0.127722, 0.124937, 0.121899, 0.12038, 0.118861, 0.118354, 
7920, 0.136111, 0.131566, 0.12803, 0.124495, 0.122348, 0.120076, 0.119066, 0.118308, 
7940, 0.13602, 0.131738, 0.127708, 0.124937, 0.121914, 0.120403, 0.118892, 0.118388, 
7960, 0.136055, 0.131533, 0.128015, 0.124497, 0.122362, 0.120101, 0.119095, 0.118342, 
7980, 0.135965, 0.131704, 0.127694, 0.124937, 0.12193, 0.120426, 0.118922, 0.118421, 
8000, 0.136, 0.1315, 0.128, 0.1245, 0.122375, 0.120125, 0.119125, 0.118375, 
8020, 0.13591, 0.131671, 0.127681, 0.124938, 0.121945, 0.120449, 0.118953, 0.118454, 
8040, 0.135945, 0.131468, 0.127985, 0.124502, 0.122388, 0.120149, 0.119154, 0.118408, 
8060, 0.135856, 0.131638, 0.127667, 0.124938, 0.12196, 0.120471, 0.118983, 0.118486, 
8080, 0.135891, 0.131436, 0.12797, 0.124505, 0.122401, 0.120173, 0.119183, 0.118441, 
8100, 0.135802, 0.131605, 0.127654, 0.124938, 0.121975, 0.120494, 0.119012, 0.118519, 
8120, 0.135837, 0.131404, 0.127956, 0.124507, 0.122414, 0.120197, 0.119212, 0.118473, 
8140, 0.135749, 0.131572, 0.127641, 0.124939, 0.12199, 0.120516, 0.119042, 0.11855, 
8160, 0.135784, 0.131373, 0.127941, 0.12451, 0.122426, 0.120221, 0.11924, 0.118505, 
8180, 0.135697, 0.13154, 0.127628, 0.124939, 0.122005, 0.120538, 0.119071, 0.118582, 
8200, 0.135732, 0.131341, 0.127927, 0.124512, 0.122439, 0.120244, 0.119268, 0.118537, 
8220, 0.135645, 0.131509, 0.127616, 0.124939, 0.122019, 0.12056, 0.1191, 0.118613, 
8240, 0.13568, 0.131311, 0.127913, 0.124515, 0.122451, 0.120267, 0.119296, 0.118568, 
8260, 0.135593, 0.131477, 0.127603, 0.124939, 0.122034, 0.120581, 0.119128, 0.118644, 
8280, 0.135628, 0.13128, 0.127899, 0.124517, 0.122464, 0.12029, 0.119324, 0.118599, 
8300, 0.135542, 0.131446, 0.12759, 0.12494, 0.122048, 0.120602, 0.119157, 0.118675, 
8320, 0.135577, 0.13125, 0.127885, 0.124519, 0.122476, 0.120312, 0.119351, 0.11863, 
8340, 0.135492, 0.131415, 0.127578, 0.12494, 0.122062, 0.120623, 0.119185, 0.118705, 
8360, 0.135526, 0.13122, 0.127871, 0.124522, 0.122488, 0.120335, 0.119378, 0.11866, 
8380, 0.135442, 0.131384, 0.127566, 0.12494, 0.122076, 0.120644, 0.119212, 0.118735, 
8400, 0.135476, 0.13119, 0.127857, 0.124524, 0.1225, 0.120357, 0.119405, 0.11869, 
8420, 0.135392, 0.131354, 0.127553, 0.124941, 0.12209, 0.120665, 0.11924, 0.118765, 
8440, 0.135427, 0.131161, 0.127844, 0.124526, 0.122512, 0.120379, 0.119431, 0.11872, 
8460, 0.135343, 0.131324, 0.127541, 0.124941, 0.122104, 0.120686, 0.119267, 0.118794, 
8480, 0.135377, 0.131132, 0.12783, 0.124528, 0.122524, 0.120401, 0.119458, 0.11875, 
8500, 0.135294, 0.131294, 0.127529, 0.124941, 0.122118, 0.120706, 0.119294, 0.118824, 
8520, 0.135329, 0.131103, 0.127817, 0.124531, 0.122535, 0.120423, 0.119484, 0.118779, 
8540, 0.135246, 0.131265, 0.127518, 0.124941, 0.122131, 0.120726, 0.119321, 0.118852, 
8560, 0.13528, 0.131075, 0.127804, 0.124533, 0.122547, 0.120444, 0.119509, 0.118808, 
8580, 0.135198, 0.131235, 0.127506, 0.124942, 0.122145, 0.120746, 0.119347, 0.118881, 
8600, 0.135233, 0.131047, 0.127791, 0.124535, 0.122558, 0.120465, 0.119535, 0.118837, 
8620, 0.135151, 0.131206, 0.127494, 0.124942, 0.122158, 0.120766, 0.119374, 0.11891, 
8640, 0.135185, 0.131019, 0.127778, 0.124537, 0.122569, 0.120486, 0.11956, 0.118866, 
8660, 0.135104, 0.131178, 0.127483, 0.124942, 0.122171, 0.120785, 0.1194, 0.118938, 
8680, 0.135138, 0.130991, 0.127765, 0.124539, 0.122581, 0.120507, 0.119585, 0.118894, 
8700, 0.135057, 0.131149, 0.127471, 0.124943, 0.122184, 0.120805, 0.119425, 0.118966, 
8720, 0.135092, 0.130963, 0.127752, 0.124541, 0.122592, 0.120528, 0.11961, 0.118922, 
8740, 0.135011, 0.131121, 0.12746, 0.124943, 0.122197, 0.120824, 0.119451, 0.118993, 
8760, 0.135046, 0.130936, 0.12774, 0.124543, 0.122603, 0.120548, 0.119635, 0.11895, 
8780, 0.134966, 0.131093, 0.127449, 0.124943, 0.12221, 0.120843, 0.119476, 0.11902, 
8800, 0.135, 0.130909, 0.127727, 0.124545, 0.122614, 0.120568, 0.119659, 0.118977, 
8820, 0.134921, 0.131066, 0.127438, 0.124943, 0.122222, 0.120862, 0.119501, 0.119048, 
8840, 0.134955, 0.130882, 0.127715, 0.124548, 0.122624, 0.120588, 0.119683, 0.119005, 
8860, 0.134876, 0.131038, 0.127427, 0.124944, 0.122235, 0.12088, 0.119526, 0.119074, 
8880, 0.13491, 0.130856, 0.127703, 0.12455, 0.122635, 0.120608, 0.119707, 0.119032, 
8900, 0.134831, 0.131011, 0.127416, 0.124944, 0.122247, 0.120899, 0.119551, 0.119101, 
8920, 0.134865, 0.13083, 0.127691, 0.124552, 0.122646, 0.120628, 0.119731, 0.119058, 
8940, 0.134787, 0.130984, 0.127405, 0.124944, 0.12226, 0.120917, 0.119575, 0.119128, 
8960, 0.134821, 0.130804, 0.127679, 0.124554, 0.122656, 0.120647, 0.119754, 0.119085, 
8980, 0.134744, 0.130958, 0.127394, 0.124944, 0.122272, 0.120935, 0.119599, 0.119154, 
9000, 0.134778, 0.130778, 0.127667, 0.124556, 0.122667, 0.120667, 0.119778, 0.119111, 
9020, 0.134701, 0.130931, 0.127384, 0.124945, 0.122284, 0.120953, 0.119623, 0.11918, 
9040, 0.134735, 0.130752, 0.127655, 0.124558, 0.122677, 0.120686, 0.119801, 0.119137, 
9060, 0.134658, 0.130905, 0.127373, 0.124945, 0.122296, 0.120971, 0.119647, 0.119205, 
9080, 0.134692, 0.130727, 0.127643, 0.124559, 0.122687, 0.120705, 0.119824, 0.119163, 
9100, 0.134615, 0.130879, 0.127363, 0.124945, 0.122308, 0.120989, 0.11967, 0.119231, 
9120, 0.134649, 0.130702, 0.127632, 0.124561, 0.122697, 0.120724, 0.119846, 0.119189, 
9140, 0.134573, 0.130853, 0.127352, 0.124945, 0.122319, 0.121007, 0.119694, 0.119256, 
9160, 0.134607, 0.130677, 0.12762, 0.124563, 0.122707, 0.120742, 0.119869, 0.119214, 
9180, 0.134532, 0.130828, 0.127342, 0.124946, 0.122331, 0.121024, 0.119717, 0.119281, 
9200, 0.134565, 0.130652, 0.127609, 0.124565, 0.122717, 0.120761, 0.119891, 0.119239, 
9220, 0.13449, 0.130803, 0.127332, 0.124946, 0.122343, 0.121041, 0.11974, 0.119306, 
9240, 0.134524, 0.130628, 0.127597, 0.124567, 0.122727, 0.120779, 0.119913, 0.119264, 
9260, 0.134449, 0.130778, 0.127322, 0.124946, 0.122354, 0.121058, 0.119762, 0.11933, 
9280, 0.134483, 0.130603, 0.127586, 0.124569, 0.122737, 0.120797, 0.119935, 0.119289, 
9300, 0.134409, 0.130753, 0.127312, 0.124946, 0.122366, 0.121075, 0.119785, 0.119355, 
9320, 0.134442, 0.130579, 0.127575, 0.124571, 0.122747, 0.120815, 0.119957, 0.119313, 
9340, 0.134368, 0.130728, 0.127302, 0.124946, 0.122377, 0.121092, 0.119807, 0.119379, 
9360, 0.134402, 0.130556, 0.127564, 0.124573, 0.122756, 0.120833, 0.119979, 0.119338, 
9380, 0.134328, 0.130704, 0.127292, 0.124947, 0.122388, 0.121109, 0.119829, 0.119403, 
9400, 0.134362, 0.130532, 0.127553, 0.124574, 0.122766, 0.120851, 0.12, 0.119362, 
9420, 0.134289, 0.130679, 0.127282, 0.124947, 0.122399, 0.121125, 0.119851, 0.119427, 
9440, 0.134322, 0.130508, 0.127542, 0.124576, 0.122775, 0.120869, 0.120021, 0.119386, 
9460, 0.134249, 0.130655, 0.127273, 0.124947, 0.12241, 0.121142, 0.119873, 0.11945, 
9480, 0.134283, 0.130485, 0.127532, 0.124578, 0.122785, 0.120886, 0.120042, 0.119409, 
9500, 0.134211, 0.130632, 0.127263, 0.124947, 0.122421, 0.121158, 0.119895, 0.119474, 
9520, 0.134244, 0.130462, 0.127521, 0.12458, 0.122794, 0.120903, 0.120063, 0.119433, 
9540, 0.134172, 0.130608, 0.127254, 0.124948, 0.122432, 0.121174, 0.119916, 0.119497, 
9560, 0.134205, 0.130439, 0.12751, 0.124582, 0.122803, 0.120921, 0.120084, 0.119456, 
9580, 0.134134, 0.130585, 0.127244, 0.124948, 0.122443, 0.12119, 0.119937, 0.11952, 
9600, 0.134167, 0.130417, 0.1275, 0.124583, 0.122813, 0.120937, 0.120104, 0.119479, 
9620, 0.134096, 0.130561, 0.127235, 0.124948, 0.122453, 0.121206, 0.119958, 0.119543, 
9640, 0.134129, 0.130394, 0.12749, 0.124585, 0.122822, 0.120954, 0.120124, 0.119502, 
9660, 0.134058, 0.130538, 0.127226, 0.124948, 0.122464, 0.121222, 0.119979, 0.119565, 
9680, 0.134091, 0.130372, 0.127479, 0.124587, 0.122831, 0.120971, 0.120145, 0.119525, 
9700, 0.134021, 0.130515, 0.127216, 0.124948, 0.122474, 0.121237, 0.12, 0.119588, 
9720, 0.134053, 0.13035, 0.127469, 0.124588, 0.12284, 0.120988, 0.120165, 0.119547, 
9740, 0.133984, 0.130493, 0.127207, 0.124949, 0.122485, 0.121253, 0.120021, 0.11961, 
9760, 0.134016, 0.130328, 0.127459, 0.12459, 0.122848, 0.121004, 0.120184, 0.11957, 
9780, 0.133947, 0.13047, 0.127198, 0.124949, 0.122495, 0.121268, 0.120041, 0.119632, 
9800, 0.13398, 0.130306, 0.127449, 0.124592, 0.122857, 0.12102, 0.120204, 0.119592, 
9820, 0.13391, 0.130448, 0.127189, 0.124949, 0.122505, 0.121283, 0.120061, 0.119654, 
9840, 0.133943, 0.130285, 0.127439, 0.124593, 0.122866, 0.121037, 0.120224, 0.119614, 
9860, 0.133874, 0.130426, 0.127181, 0.124949, 0.122515, 0.121298, 0.120081, 0.119675, 
9880, 0.133907, 0.130263, 0.127429, 0.124595, 0.122874, 0.121053, 0.120243, 0.119636, 
9900, 0.133838, 0.130404, 0.127172, 0.124949, 0.122525, 0.121313, 0.120101, 0.119697, 
9920, 0.133871, 0.130242, 0.127419, 0.124597, 0.122883, 0.121069, 0.120262, 0.119657, 
9940, 0.133803, 0.130382, 0.127163, 0.12495, 0.122535, 0.121328, 0.120121, 0.119718, 
9960, 0.133835, 0.130221, 0.12741, 0.124598, 0.122892, 0.121084, 0.120281, 0.119679, 
9980, 0.133768, 0.130361, 0.127154, 0.12495, 0.122545, 0.121343, 0.12014, 0.119739, 
10000, 0.1338, 0.1302, 0.1274, 0.1246, 0.1229, 0.1211, 0.1203, 0.1197, 
10020, 0.133733, 0.130339, 0.127146, 0.12495, 0.122555, 0.121357, 0.12016, 0.11976, 
10040, 0.133765, 0.130179, 0.12739, 0.124602, 0.122908, 0.121116, 0.120319, 0.119721, 
10060, 0.133698, 0.130318, 0.127137, 0.12495, 0.122565, 0.121372, 0.120179, 0.119781, 
10080, 0.13373, 0.130159, 0.127381, 0.124603, 0.122917, 0.121131, 0.120337, 0.119742, 
10100, 0.133663, 0.130297, 0.127129, 0.12495, 0.122574, 0.121386, 0.120198, 0.119802, 
10120, 0.133696, 0.130138, 0.127372, 0.124605, 0.122925, 0.121146, 0.120356, 0.119763, 
10140, 0.133629, 0.130276, 0.12712, 0.124951, 0.122584, 0.1214, 0.120217, 0.119822, 
10160, 0.133661, 0.130118, 0.127362, 0.124606, 0.122933, 0.121161, 0.120374, 0.119783, 
10180, 0.133595, 0.130255, 0.127112, 0.124951, 0.122593, 0.121415, 0.120236, 0.119843, 
10200, 0.133627, 0.130098, 0.127353, 0.124608, 0.122941, 0.121176, 0.120392, 0.119804, 
10220, 0.133562, 0.130235, 0.127104, 0.124951, 0.122603, 0.121429, 0.120254, 0.119863, 
10240, 0.133594, 0.130078, 0.127344, 0.124609, 0.122949, 0.121191, 0.12041, 0.119824, 
10260, 0.133528, 0.130214, 0.127096, 0.124951, 0.122612, 0.121442, 0.120273, 0.119883, 
10280, 0.13356, 0.130058, 0.127335, 0.124611, 0.122957, 0.121206, 0.120428, 0.119844, 
10300, 0.133495, 0.130194, 0.127087, 0.124951, 0.122621, 0.121456, 0.120291, 0.119903, 
10320, 0.133527, 0.130039, 0.127326, 0.124612, 0.122965, 0.121221, 0.120446, 0.119864, 
10340, 0.133462, 0.130174, 0.127079, 0.124952, 0.122631, 0.12147, 0.120309, 0.119923, 
10360, 0.133494, 0.130019, 0.127317, 0.124614, 0.122973, 0.121236, 0.120463, 0.119884, 
10380, 0.13343, 0.130154, 0.127071, 0.124952, 0.12264, 0.121484, 0.120328, 0.119942, 
10400, 0.133462, 0.13, 0.127308, 0.124615, 0.122981, 0.12125, 0.120481, 0.119904, 
10420, 0.133397, 0.130134, 0.127063, 0.124952, 0.122649, 0.121497, 0.120345, 0.119962, 
10440, 0.133429, 0.129981, 0.127299, 0.124617, 0.122989, 0.121264, 0.120498, 0.119923, 
10460, 0.133365, 0.130115, 0.127055, 0.124952, 0.122658, 0.121511, 0.120363, 0.119981, 
10480, 0.133397, 0.129962, 0.12729, 0.124618, 0.122996, 0.121279, 0.120515, 0.119943, 
10500, 0.133333, 0.130095, 0.127048, 0.124952, 0.122667, 0.121524, 0.120381, 0.12, 
10520, 0.133365, 0.129943, 0.127281, 0.12462, 0.123004, 0.121293, 0.120532, 0.119962, 
10540, 0.133302, 0.130076, 0.12704, 0.124953, 0.122676, 0.121537, 0.120398, 0.120019, 
10560, 0.133333, 0.129924, 0.127273, 0.124621, 0.123011, 0.121307, 0.120549, 0.119981, 
10580, 0.13327, 0.130057, 0.127032, 0.124953, 0.122684, 0.12155, 0.120416, 0.120038, 
10600, 0.133302, 0.129906, 0.127264, 0.124623, 0.123019, 0.121321, 0.120566, 0.12, 
10620, 0.133239, 0.130038, 0.127024, 0.124953, 0.122693, 0.121563, 0.120433, 0.120056, 
10640, 0.133271, 0.129887, 0.127256, 0.124624, 0.123026, 0.121335, 0.120583, 0.120019, 
10660, 0.133208, 0.130019, 0.127017, 0.124953, 0.122702, 0.121576, 0.12045, 0.120075, 
10680, 0.13324, 0.129869, 0.127247, 0.124625, 0.123034, 0.121348, 0.120599, 0.120037, 
10700, 0.133178, 0.13, 0.127009, 0.124953, 0.12271, 0.121589, 0.120467, 0.120093, 
10720, 0.133209, 0.129851, 0.127239, 0.124627, 0.123041, 0.121362, 0.120616, 0.120056, 
10740, 0.133147, 0.129981, 0.127002, 0.124953, 0.122719, 0.121601, 0.120484, 0.120112, 
10760, 0.133178, 0.129833, 0.12723, 0.124628, 0.123048, 0.121375, 0.120632, 0.120074, 
10780, 0.133117, 0.129963, 0.126994, 0.124954, 0.122727, 0.121614, 0.120501, 0.12013, 
10800, 0.133148, 0.129815, 0.127222, 0.12463, 0.123056, 0.121389, 0.120648, 0.120093, 
10820, 0.133087, 0.129945, 0.126987, 0.124954, 0.122736, 0.121627, 0.120518, 0.120148, 
10840, 0.133118, 0.129797, 0.127214, 0.124631, 0.123063, 0.121402, 0.120664, 0.120111, 
10860, 0.133057, 0.129926, 0.12698, 0.124954, 0.122744, 0.121639, 0.120534, 0.120166, 
10880, 0.133088, 0.129779, 0.127206, 0.124632, 0.12307, 0.121415, 0.12068, 0.120129, 
10900, 0.133028, 0.129908, 0.126972, 0.124954, 0.122752, 0.121651, 0.12055, 0.120183, 
10920, 0.133059, 0.129762, 0.127198, 0.124634, 0.123077, 0.121429, 0.120696, 0.120147, 
10940, 0.132998, 0.12989, 0.126965, 0.124954, 0.122761, 0.121664, 0.120567, 0.120201, 
10960, 0.133029, 0.129745, 0.12719, 0.124635, 0.123084, 0.121442, 0.120712, 0.120164, 
10980, 0.132969, 0.129873, 0.126958, 0.124954, 0.122769, 0.121676, 0.120583, 0.120219, 
11000, 0.133, 0.129727, 0.127182, 0.124636, 0.123091, 0.121455, 0.120727, 0.120182, 
11020, 0.13294, 0.129855, 0.126951, 0.124955, 0.122777, 0.121688, 0.120599, 0.120236, 
11040, 0.132971, 0.12971, 0.127174, 0.124638, 0.123098, 0.121467, 0.120743, 0.120199, 
11060, 0.132911, 0.129837, 0.126944, 0.124955, 0.122785, 0.1217, 0.120615, 0.120253, 
11080, 0.132942, 0.129693, 0.127166, 0.124639, 0.123105, 0.12148, 0.120758, 0.120217, 
11100, 0.132883, 0.12982, 0.126937, 0.124955, 0.122793, 0.121712, 0.120631, 0.12027, 
11120, 0.132914, 0.129676, 0.127158, 0.12464, 0.123112, 0.121493, 0.120773, 0.120234, 
11140, 0.132855, 0.129803, 0.12693, 0.124955, 0.122801, 0.121724, 0.120646, 0.120287, 
11160, 0.132885, 0.12966, 0.127151, 0.124642, 0.123118, 0.121505, 0.120789, 0.120251, 
11180, 0.132826, 0.129785, 0.126923, 0.124955, 0.122809, 0.121735, 0.120662, 0.120304, 
11200, 0.132857, 0.129643, 0.127143, 0.124643, 0.123125, 0.121518, 0.120804, 0.120268, 
11220, 0.132799, 0.129768, 0.126916, 0.124955, 0.122816, 0.121747, 0.120677, 0.120321, 
11240, 0.132829, 0.129626, 0.127135, 0.124644, 0.123132, 0.12153, 0.120819, 0.120285, 
11260, 0.132771, 0.129751, 0.126909, 0.124956, 0.122824, 0.121758, 0.120693, 0.120337, 
11280, 0.132801, 0.12961, 0.127128, 0.124645, 0.123138, 0.121543, 0.120833, 0.120301, 
11300, 0.132743, 0.129735, 0.126903, 0.124956, 0.122832, 0.12177, 0.120708, 0.120354, 
11320, 0.132774, 0.129594, 0.12712, 0.124647, 0.123145, 0.121555, 0.120848, 0.120318, 
11340, 0.132716, 0.129718, 0.126896, 0.124956, 0.12284, 0.121781, 0.120723, 0.12037, 
11360, 0.132746, 0.129577, 0.127113, 0.124648, 0.123151, 0.121567, 0.120863, 0.120335, 
11380, 0.132689, 0.129701, 0.126889, 0.124956, 0.122847, 0.121793, 0.120738, 0.120387, 
11400, 0.132719, 0.129561, 0.127105, 0.124649, 0.123158, 0.121579, 0.120877, 0.120351, 
11420, 0.132662, 0.129685, 0.126883, 0.124956, 0.122855, 0.121804, 0.120753, 0.120403, 
11440, 0.132692, 0.129545, 0.127098, 0.12465, 0.123164, 0.121591, 0.120892, 0.120367, 
11460, 0.132635, 0.129668, 0.126876, 0.124956, 0.122862, 0.121815, 0.120768, 0.120419, 
11480, 0.132666, 0.12953, 0.127091, 0.124652, 0.123171, 0.121603, 0.120906, 0.120383, 
11500, 0.132609, 0.129652, 0.12687, 0.124957, 0.12287, 0.121826, 0.120783, 0.120435, 
11520, 0.132639, 0.129514, 0.127083, 0.124653, 0.123177, 0.121615, 0.12092, 0.120399, 
11540, 0.132582, 0.129636, 0.126863, 0.124957, 0.122877, 0.121837, 0.120797, 0.120451, 
11560, 0.132612, 0.129498, 0.127076, 0.124654, 0.123183, 0.121626, 0.120934, 0.120415, 
11580, 0.132556, 0.12962, 0.126857, 0.124957, 0.122884, 0.121848, 0.120812, 0.120466, 
11600, 0.132586, 0.129483, 0.127069, 0.124655, 0.12319, 0.121638, 0.120948, 0.120431, 
11620, 0.13253, 0.129604, 0.12685, 0.124957, 0.122892, 0.121859, 0.120826, 0.120482, 
11640, 0.13256, 0.129467, 0.127062, 0.124656, 0.123196, 0.121649, 0.120962, 0.120447, 
11660, 0.132504, 0.129588, 0.126844, 0.124957, 0.122899, 0.12187, 0.12084, 0.120497, 
11680, 0.132534, 0.129452, 0.127055, 0.124658, 0.123202, 0.121661, 0.120976, 0.120462, 
11700, 0.132479, 0.129573, 0.126838, 0.124957, 0.122906, 0.12188, 0.120855, 0.120513, 
11720, 0.132509, 0.129437, 0.127048, 0.124659, 0.123208, 0.121672, 0.12099, 0.120478, 
11740, 0.132453, 0.129557, 0.126831, 0.124957, 0.122913, 0.121891, 0.120869, 0.120528, 
11760, 0.132483, 0.129422, 0.127041, 0.12466, 0.123214, 0.121684, 0.121003, 0.120493, 
11780, 0.132428, 0.129542, 0.126825, 0.124958, 0.12292, 0.121902, 0.120883, 0.120543, 
11800, 0.132458, 0.129407, 0.127034, 0.124661, 0.12322, 0.121695, 0.121017, 0.120508, 
11820, 0.132403, 0.129526, 0.126819, 0.124958, 0.122927, 0.121912, 0.120897, 0.120558, 
11840, 0.132432, 0.129392, 0.127027, 0.124662, 0.123226, 0.121706, 0.12103, 0.120524, 
11860, 0.132378, 0.129511, 0.126813, 0.124958, 0.122934, 0.121922, 0.120911, 0.120573, 
11880, 0.132407, 0.129377, 0.12702, 0.124663, 0.123232, 0.121717, 0.121044, 0.120539, 
11900, 0.132353, 0.129496, 0.126807, 0.124958, 0.122941, 0.121933, 0.120924, 0.120588, 
11920, 0.132383, 0.129362, 0.127013, 0.124664, 0.123238, 0.121728, 0.121057, 0.120554, 
11940, 0.132328, 0.129481, 0.126801, 0.124958, 0.122948, 0.121943, 0.120938, 0.120603, 
11960, 0.132358, 0.129348, 0.127007, 0.124666, 0.123244, 0.121739, 0.12107, 0.120569, 
11980, 0.132304, 0.129466, 0.126795, 0.124958, 0.122955, 0.121953, 0.120952, 0.120618, 
12000, 0.132333, 0.129333, 0.127, 0.124667, 0.12325, 0.12175, 0.121083, 0.120583, 
12020, 0.13228, 0.129451, 0.126789, 0.124958, 0.122962, 0.121963, 0.120965, 0.120632, 
12040, 0.132309, 0.129319, 0.126993, 0.124668, 0.123256, 0.121761, 0.121096, 0.120598, 
12060, 0.132255, 0.129436, 0.126783, 0.124959, 0.122968, 0.121973, 0.120978, 0.120647, 
12080, 0.132285, 0.129305, 0.126987, 0.124669, 0.123262, 0.121772, 0.121109, 0.120613, 
12100, 0.132231, 0.129421, 0.126777, 0.124959, 0.122975, 0.121983, 0.120992, 0.120661, 
12120, 0.132261, 0.12929, 0.12698, 0.12467, 0.123267, 0.121782, 0.121122, 0.120627, 
12140, 0.132208, 0.129407, 0.126771, 0.124959, 0.122982, 0.121993, 0.121005, 0.120675, 
12160, 0.132237, 0.129276, 0.126974, 0.124671, 0.123273, 0.121793, 0.121135, 0.120641, 
12180, 0.132184, 0.129392, 0.126765, 0.124959, 0.122989, 0.122003, 0.121018, 0.12069, 
12200, 0.132213, 0.129262, 0.126967, 0.124672, 0.123279, 0.121803, 0.121148, 0.120656, 
12220, 0.13216, 0.129378, 0.126759, 0.124959, 0.122995, 0.122013, 0.121031, 0.120704, 
12240, 0.13219, 0.129248, 0.126961, 0.124673, 0.123284, 0.121814, 0.12116, 0.12067, 
12260, 0.132137, 0.129364, 0.126754, 0.124959, 0.123002, 0.122023, 0.121044, 0.120718, 
12280, 0.132166, 0.129235, 0.126954, 0.124674, 0.12329, 0.121824, 0.121173, 0.120684, 
12300, 0.132114, 0.12935, 0.126748, 0.124959, 0.123008, 0.122033, 0.121057, 0.120732, 
12320, 0.132143, 0.129221, 0.126948, 0.124675, 0.123295, 0.121834, 0.121185, 0.120698, 
12340, 0.132091, 0.129335, 0.126742, 0.124959, 0.123015, 0.122042, 0.12107, 0.120746, 
12360, 0.13212, 0.129207, 0.126942, 0.124676, 0.123301, 0.121845, 0.121197, 0.120712, 
12380, 0.132068, 0.129321, 0.126737, 0.12496, 0.123021, 0.122052, 0.121082, 0.120759, 
12400, 0.132097, 0.129194, 0.126935, 0.124677, 0.123306, 0.121855, 0.12121, 0.120726, 
12420, 0.132045, 0.129308, 0.126731, 0.12496, 0.123027, 0.122061, 0.121095, 0.120773, 
12440, 0.132074, 0.12918, 0.126929, 0.124678, 0.123312, 0.121865, 0.121222, 0.12074, 
12460, 0.132022, 0.129294, 0.126726, 0.12496, 0.123034, 0.122071, 0.121108, 0.120787, 
12480, 0.132051, 0.129167, 0.126923, 0.124679, 0.123317, 0.121875, 0.121234, 0.120753, 
12500, 0.132, 0.12928, 0.12672, 0.12496, 0.12304, 0.12208, 0.12112, 0.1208, 
12520, 0.132029, 0.129153, 0.126917, 0.124681, 0.123323, 0.121885, 0.121246, 0.120767, 
12540, 0.131978, 0.129266, 0.126715, 0.12496, 0.123046, 0.122089, 0.121132, 0.120813, 
12560, 0.132006, 0.12914, 0.126911, 0.124682, 0.123328, 0.121895, 0.121258, 0.12078, 
12580, 0.131955, 0.129253, 0.126709, 0.12496, 0.123052, 0.122099, 0.121145, 0.120827, 
12600, 0.131984, 0.129127, 0.126905, 0.124683, 0.123333, 0.121905, 0.12127, 0.120794, 
12620, 0.131933, 0.129239, 0.126704, 0.12496, 0.123059, 0.122108, 0.121157, 0.12084, 
12640, 0.131962, 0.129114, 0.126899, 0.124684, 0.123339, 0.121915, 0.121282, 0.120807, 
12660, 0.131912, 0.129226, 0.126698, 0.124961, 0.123065, 0.122117, 0.121169, 0.120853, 
12680, 0.13194, 0.129101, 0.126893, 0.124685, 0.123344, 0.121924, 0.121293, 0.12082, 
12700, 0.13189, 0.129213, 0.126693, 0.124961, 0.123071, 0.122126, 0.121181, 0.120866, 
12720, 0.131918, 0.129088, 0.126887, 0.124686, 0.123349, 0.121934, 0.121305, 0.120833, 
12740, 0.131868, 0.129199, 0.126688, 0.124961, 0.123077, 0.122135, 0.121193, 0.120879, 
12760, 0.131897, 0.129075, 0.126881, 0.124687, 0.123354, 0.121944, 0.121317, 0.120846, 
12780, 0.131847, 0.129186, 0.126682, 0.124961, 0.123083, 0.122144, 0.121205, 0.120892, 
12800, 0.131875, 0.129063, 0.126875, 0.124688, 0.123359, 0.121953, 0.121328, 0.120859, 
12820, 0.131825, 0.129173, 0.126677, 0.124961, 0.123089, 0.122153, 0.121217, 0.120905, 
12840, 0.131854, 0.12905, 0.126869, 0.124688, 0.123364, 0.121963, 0.12134, 0.120872, 
12860, 0.131804, 0.12916, 0.126672, 0.124961, 0.123095, 0.122162, 0.121229, 0.120918, 
12880, 0.131832, 0.129037, 0.126863, 0.124689, 0.12337, 0.121972, 0.121351, 0.120885, 
12900, 0.131783, 0.129147, 0.126667, 0.124961, 0.123101, 0.122171, 0.12124, 0.12093, 
12920, 0.131811, 0.129025, 0.126858, 0.12469, 0.123375, 0.121981, 0.121362, 0.120898, 
12940, 0.131762, 0.129134, 0.126662, 0.124961, 0.123107, 0.122179, 0.121252, 0.120943, 
12960, 0.13179, 0.129012, 0.126852, 0.124691, 0.12338, 0.121991, 0.121373, 0.12091, 
12980, 0.131741, 0.129122, 0.126656, 0.124961, 0.123112, 0.122188, 0.121263, 0.120955, 
13000, 0.131769, 0.129, 0.126846, 0.124692, 0.123385, 0.122, 0.121385, 0.120923, 
13020, 0.13172, 0.129109, 0.126651, 0.124962, 0.123118, 0.122197, 0.121275, 0.120968, 
13040, 0.131748, 0.128988, 0.12684, 0.124693, 0.12339, 0.122009, 0.121396, 0.120936, 
13060, 0.1317, 0.129096, 0.126646, 0.124962, 0.123124, 0.122205, 0.121286, 0.12098, 
13080, 0.131728, 0.128976, 0.126835, 0.124694, 0.123394, 0.122018, 0.121407, 0.120948, 
13100, 0.131679, 0.129084, 0.126641, 0.124962, 0.12313, 0.122214, 0.121298, 0.120992, 
13120, 0.131707, 0.128963, 0.126829, 0.124695, 0.123399, 0.122027, 0.121418, 0.12096, 
13140, 0.131659, 0.129072, 0.126636, 0.124962, 0.123135, 0.122222, 0.121309, 0.121005, 
13160, 0.131687, 0.128951, 0.126824, 0.124696, 0.123404, 0.122036, 0.121429, 0.120973, 
13180, 0.131639, 0.129059, 0.126631, 0.124962, 0.123141, 0.122231, 0.12132, 0.121017, 
13200, 0.131667, 0.128939, 0.126818, 0.124697, 0.123409, 0.122045, 0.121439, 0.120985, 
13220, 0.131619, 0.129047, 0.126626, 0.124962, 0.123147, 0.122239, 0.121331, 0.121029, 
13240, 0.131647, 0.128927, 0.126813, 0.124698, 0.123414, 0.122054, 0.12145, 0.120997, 
13260, 0.131599, 0.129035, 0.126621, 0.124962, 0.123152, 0.122247, 0.121342, 0.121041, 
13280, 0.131627, 0.128916, 0.126807, 0.124699, 0.123419, 0.122063, 0.121461, 0.121009, 
13300, 0.131579, 0.129023, 0.126617, 0.124962, 0.123158, 0.122256, 0.121353, 0.121053, 
13320, 0.131607, 0.128904, 0.126802, 0.1247, 0.123423, 0.122072, 0.121471, 0.121021, 
13340, 0.131559, 0.12901, 0.126612, 0.124963, 0.123163, 0.122264, 0.121364, 0.121064, 
13360, 0.131587, 0.128892, 0.126796, 0.124701, 0.123428, 0.122081, 0.121482, 0.121033, 
13380, 0.13154, 0.128999, 0.126607, 0.124963, 0.123169, 0.122272, 0.121375, 0.121076, 
13400, 0.131567, 0.128881, 0.126791, 0.124701, 0.123433, 0.12209, 0.121493, 0.121045, 
13420, 0.13152, 0.128987, 0.126602, 0.124963, 0.123174, 0.12228, 0.121386, 0.121088, 
13440, 0.131548, 0.128869, 0.126786, 0.124702, 0.123438, 0.122098, 0.121503, 0.121057, 
13460, 0.131501, 0.128975, 0.126597, 0.124963, 0.12318, 0.122288, 0.121397, 0.1211, 
13480, 0.131528, 0.128858, 0.12678, 0.124703, 0.123442, 0.122107, 0.121513, 0.121068, 
13500, 0.131481, 0.128963, 0.126593, 0.124963, 0.123185, 0.122296, 0.121407, 0.121111, 
13520, 0.131509, 0.128846, 0.126775, 0.124704, 0.123447, 0.122115, 0.121524, 0.12108, 
13540, 0.131462, 0.128951, 0.126588, 0.124963, 0.123191, 0.122304, 0.121418, 0.121123, 
13560, 0.13149, 0.128835, 0.12677, 0.124705, 0.123451, 0.122124, 0.121534, 0.121091, 
13580, 0.131443, 0.12894, 0.126583, 0.124963, 0.123196, 0.122312, 0.121429, 0.121134, 
13600, 0.131471, 0.128824, 0.126765, 0.124706, 0.123456, 0.122132, 0.121544, 0.121103, 
13620, 0.131424, 0.128928, 0.126579, 0.124963, 0.123201, 0.12232, 0.121439, 0.121145, 
13640, 0.131452, 0.128812, 0.12676, 0.124707, 0.12346, 0.122141, 0.121554, 0.121114, 
13660, 0.131406, 0.128917, 0.126574, 0.124963, 0.123206, 0.122328, 0.121449, 0.121157, 
13680, 0.131433, 0.128801, 0.126754, 0.124708, 0.123465, 0.122149, 0.121564, 0.121126, 
13700, 0.131387, 0.128905, 0.126569, 0.124964, 0.123212, 0.122336, 0.12146, 0.121168, 
13720, 0.131414, 0.12879, 0.126749, 0.124708, 0.123469, 0.122157, 0.121574, 0.121137, 
13740, 0.131368, 0.128894, 0.126565, 0.124964, 0.123217, 0.122344, 0.12147, 0.121179, 
13760, 0.131395, 0.128779, 0.126744, 0.124709, 0.123474, 0.122166, 0.121584, 0.121148, 
13780, 0.13135, 0.128882, 0.12656, 0.124964, 0.123222, 0.122351, 0.12148, 0.12119, 
13800, 0.131377, 0.128768, 0.126739, 0.12471, 0.123478, 0.122174, 0.121594, 0.121159, 
13820, 0.131331, 0.128871, 0.126556, 0.124964, 0.123227, 0.122359, 0.121491, 0.121201, 
13840, 0.131358, 0.128757, 0.126734, 0.124711, 0.123483, 0.122182, 0.121604, 0.121171, 
13860, 0.131313, 0.12886, 0.126551, 0.124964, 0.123232, 0.122367, 0.121501, 0.121212, 
13880, 0.13134, 0.128746, 0.126729, 0.124712, 0.123487, 0.12219, 0.121614, 0.121182, 
13900, 0.131295, 0.128849, 0.126547, 0.124964, 0.123237, 0.122374, 0.121511, 0.121223, 
13920, 0.131322, 0.128736, 0.126724, 0.124713, 0.123491, 0.122198, 0.121624, 0.121193, 
13940, 0.131277, 0.128838, 0.126542, 0.124964, 0.123242, 0.122382, 0.121521, 0.121234, 
13960, 0.131304, 0.128725, 0.126719, 0.124713, 0.123496, 0.122206, 0.121633, 0.121203, 
13980, 0.131259, 0.128827, 0.126538, 0.124964, 0.123247, 0.122389, 0.121531, 0.121245, 
14000, 0.131286, 0.128714, 0.126714, 0.124714, 0.1235, 0.122214, 0.121643, 0.121214, 
14020, 0.131241, 0.128816, 0.126534, 0.124964, 0.123252, 0.122397, 0.121541, 0.121255, 
14040, 0.131268, 0.128704, 0.126709, 0.124715, 0.123504, 0.122222, 0.121652, 0.121225, 
14060, 0.131223, 0.128805, 0.126529, 0.124964, 0.123257, 0.122404, 0.121551, 0.121266, 
14080, 0.13125, 0.128693, 0.126705, 0.124716, 0.123509, 0.12223, 0.121662, 0.121236, 
14100, 0.131206, 0.128794, 0.126525, 0.124965, 0.123262, 0.122411, 0.12156, 0.121277, 
14120, 0.131232, 0.128683, 0.1267, 0.124717, 0.123513, 0.122238, 0.121671, 0.121246, 
14140, 0.131188, 0.128784, 0.126521, 0.124965, 0.123267, 0.122419, 0.12157, 0.121287, 
14160, 0.131215, 0.128672, 0.126695, 0.124718, 0.123517, 0.122246, 0.121681, 0.121257, 
14180, 0.131171, 0.128773, 0.126516, 0.124965, 0.123272, 0.122426, 0.12158, 0.121298, 
14200, 0.131197, 0.128662, 0.12669, 0.124718, 0.123521, 0.122254, 0.12169, 0.121268, 
14220, 0.131153, 0.128762, 0.126512, 0.124965, 0.123277, 0.122433, 0.121589, 0.121308, 
14240, 0.13118, 0.128652, 0.126685, 0.124719, 0.123525, 0.122261, 0.121699, 0.121278, 
14260, 0.131136, 0.128752, 0.126508, 0.124965, 0.123282, 0.12244, 0.121599, 0.121318, 
14280, 0.131162, 0.128641, 0.126681, 0.12472, 0.123529, 0.122269, 0.121709, 0.121289, 
14300, 0.131119, 0.128741, 0.126503, 0.124965, 0.123287, 0.122448, 0.121608, 0.121329, 
14320, 0.131145, 0.128631, 0.126676, 0.124721, 0.123534, 0.122277, 0.121718, 0.121299, 
14340, 0.131102, 0.128731, 0.126499, 0.124965, 0.123291, 0.122455, 0.121618, 0.121339, 
14360, 0.131128, 0.128621, 0.126671, 0.124721, 0.123538, 0.122284, 0.121727, 0.121309, 
14380, 0.131085, 0.12872, 0.126495, 0.124965, 0.123296, 0.122462, 0.121627, 0.121349, 
14400, 0.131111, 0.128611, 0.126667, 0.124722, 0.123542, 0.122292, 0.121736, 0.121319, 
14420, 0.131068, 0.12871, 0.126491, 0.124965, 0.123301, 0.122469, 0.121637, 0.121359, 
14440, 0.131094, 0.128601, 0.126662, 0.124723, 0.123546, 0.122299, 0.121745, 0.12133, 
14460, 0.131051, 0.1287, 0.126487, 0.124965, 0.123306, 0.122476, 0.121646, 0.121369, 
14480, 0.131077, 0.128591, 0.126657, 0.124724, 0.12355, 0.122307, 0.121754, 0.12134, 
14500, 0.131034, 0.12869, 0.126483, 0.124966, 0.12331, 0.122483, 0.121655, 0.121379, 
14520, 0.131061, 0.128581, 0.126653, 0.124725, 0.123554, 0.122314, 0.121763, 0.12135, 
14540, 0.131018, 0.128679, 0.126479, 0.124966, 0.123315, 0.12249, 0.121664, 0.121389, 
14560, 0.131044, 0.128571, 0.126648, 0.124725, 0.123558, 0.122321, 0.121772, 0.12136, 
14580, 0.131001, 0.128669, 0.126475, 0.124966, 0.12332, 0.122497, 0.121674, 0.121399, 
14600, 0.131027, 0.128562, 0.126644, 0.124726, 0.123562, 0.122329, 0.121781, 0.12137, 
14620, 0.130985, 0.128659, 0.126471, 0.124966, 0.123324, 0.122503, 0.121683, 0.121409, 
14640, 0.131011, 0.128552, 0.126639, 0.124727, 0.123566, 0.122336, 0.12179, 0.12138, 
14660, 0.130969, 0.128649, 0.126467, 0.124966, 0.123329, 0.12251, 0.121692, 0.121419, 
14680, 0.130995, 0.128542, 0.126635, 0.124728, 0.123569, 0.122343, 0.121798, 0.12139, 
14700, 0.130952, 0.128639, 0.126463, 0.124966, 0.123333, 0.122517, 0.121701, 0.121429, 
14720, 0.130978, 0.128533, 0.12663, 0.124728, 0.123573, 0.122351, 0.121807, 0.121399, 
14740, 0.130936, 0.12863, 0.126459, 0.124966, 0.123338, 0.122524, 0.12171, 0.121438, 
14760, 0.130962, 0.128523, 0.126626, 0.124729, 0.123577, 0.122358, 0.121816, 0.121409, 
14780, 0.13092, 0.12862, 0.126455, 0.124966, 0.123342, 0.12253, 0.121719, 0.121448, 
14800, 0.130946, 0.128514, 0.126622, 0.12473, 0.123581, 0.122365, 0.121824, 0.121419, 
14820, 0.130904, 0.12861, 0.126451, 0.124966, 0.123347, 0.122537, 0.121727, 0.121457, 
14840, 0.13093, 0.128504, 0.126617, 0.12473, 0.123585, 0.122372, 0.121833, 0.121429, 
14860, 0.130888, 0.1286, 0.126447, 0.124966, 0.123351, 0.122544, 0.121736, 0.121467, 
14880, 0.130914, 0.128495, 0.126613, 0.124731, 0.123589, 0.122379, 0.121841, 0.121438, 
14900, 0.130872, 0.128591, 0.126443, 0.124966, 0.123356, 0.12255, 0.121745, 0.121477, 
14920, 0.130898, 0.128485, 0.126609, 0.124732, 0.123592, 0.122386, 0.12185, 0.121448, 
14940, 0.130857, 0.128581, 0.126439, 0.124967, 0.12336, 0.122557, 0.121754, 0.121486, 
14960, 0.130882, 0.128476, 0.126604, 0.124733, 0.123596, 0.122393, 0.121858, 0.121457, 
14980, 0.130841, 0.128571, 0.126435, 0.124967, 0.123364, 0.122563, 0.121762, 0.121495, 
15000, 0.130867, 0.128467, 0.1266, 0.124733, 0.1236, 0.1224, 0.121867, 0.121467, 
15020, 0.130826, 0.128562, 0.126431, 0.124967, 0.123369, 0.12257, 0.121771, 0.121505, 
15040, 0.130851, 0.128457, 0.126596, 0.124734, 0.123604, 0.122407, 0.121875, 0.121476, 
15060, 0.13081, 0.128552, 0.126428, 0.124967, 0.123373, 0.122576, 0.12178, 0.121514, 
15080, 0.130836, 0.128448, 0.126592, 0.124735, 0.123607, 0.122414, 0.121883, 0.121485, 
15100, 0.130795, 0.128543, 0.126424, 0.124967, 0.123377, 0.122583, 0.121788, 0.121523, 
15120, 0.13082, 0.128439, 0.126587, 0.124735, 0.123611, 0.122421, 0.121892, 0.121495, 
15140, 0.130779, 0.128534, 0.12642, 0.124967, 0.123382, 0.122589, 0.121797, 0.121532, 
15160, 0.130805, 0.12843, 0.126583, 0.124736, 0.123615, 0.122427, 0.1219, 0.121504, 
15180, 0.130764, 0.128524, 0.126416, 0.124967, 0.123386, 0.122596, 0.121805, 0.121542, 
15200, 0.130789, 0.128421, 0.126579, 0.124737, 0.123618, 0.122434, 0.121908, 0.121513, 
15220, 0.130749, 0.128515, 0.126413, 0.124967, 0.12339, 0.122602, 0.121813, 0.121551, 
15240, 0.130774, 0.128412, 0.126575, 0.124738, 0.123622, 0.122441, 0.121916, 0.121522, 
15260, 0.130734, 0.128506, 0.126409, 0.124967, 0.123394, 0.122608, 0.121822, 0.12156, 
15280, 0.130759, 0.128403, 0.126571, 0.124738, 0.123626, 0.122448, 0.121924, 0.121531, 
15300, 0.130719, 0.128497, 0.126405, 0.124967, 0.123399, 0.122614, 0.12183, 0.121569, 
15320, 0.130744, 0.128394, 0.126567, 0.124739, 0.123629, 0.122454, 0.121932, 0.12154, 
15340, 0.130704, 0.128488, 0.126402, 0.124967, 0.123403, 0.122621, 0.121838, 0.121578, 
15360, 0.130729, 0.128385, 0.126563, 0.12474, 0.123633, 0.122461, 0.12194, 0.121549, 
15380, 0.130689, 0.128479, 0.126398, 0.124967, 0.123407, 0.122627, 0.121847, 0.121586, 
15400, 0.130714, 0.128377, 0.126558, 0.12474, 0.123636, 0.122468, 0.121948, 0.121558, 
15420, 0.130674, 0.12847, 0.126394, 0.124968, 0.123411, 0.122633, 0.121855, 0.121595, 
15440, 0.130699, 0.128368, 0.126554, 0.124741, 0.12364, 0.122474, 0.121956, 0.121567, 
15460, 0.13066, 0.128461, 0.126391, 0.124968, 0.123415, 0.122639, 0.121863, 0.121604, 
15480, 0.130685, 0.128359, 0.12655, 0.124742, 0.123643, 0.122481, 0.121964, 0.121576, 
15500, 0.130645, 0.128452, 0.126387, 0.124968, 0.123419, 0.122645, 0.121871, 0.121613, 
15520, 0.13067, 0.128351, 0.126546, 0.124742, 0.123647, 0.122487, 0.121972, 0.121585, 
15540, 0.130631, 0.128443, 0.126384, 0.124968, 0.123423, 0.122651, 0.121879, 0.121622, 
15560, 0.130656, 0.128342, 0.126542, 0.124743, 0.12365, 0.122494, 0.121979, 0.121594, 
15580, 0.130616, 0.128434, 0.12638, 0.124968, 0.123427, 0.122657, 0.121887, 0.12163, 
15600, 0.130641, 0.128333, 0.126538, 0.124744, 0.123654, 0.1225, 0.121987, 0.121603, 
15620, 0.130602, 0.128425, 0.126376, 0.124968, 0.123431, 0.122663, 0.121895, 0.121639, 
15640, 0.130627, 0.128325, 0.126535, 0.124744, 0.123657, 0.122506, 0.121995, 0.121611, 
15660, 0.130587, 0.128416, 0.126373, 0.124968, 0.123436, 0.122669, 0.121903, 0.121648, 
15680, 0.130612, 0.128316, 0.126531, 0.124745, 0.123661, 0.122513, 0.122003, 0.12162, 
15700, 0.130573, 0.128408, 0.126369, 0.124968, 0.123439, 0.122675, 0.121911, 0.121656, 
15720, 0.130598, 0.128308, 0.126527, 0.124746, 0.123664, 0.122519, 0.12201, 0.121629, 
15740, 0.130559, 0.128399, 0.126366, 0.124968, 0.123443, 0.122681, 0.121919, 0.121665, 
15760, 0.130584, 0.128299, 0.126523, 0.124746, 0.123668, 0.122525, 0.122018, 0.121637, 
15780, 0.130545, 0.12839, 0.126362, 0.124968, 0.123447, 0.122687, 0.121926, 0.121673, 
15800, 0.13057, 0.128291, 0.126519, 0.124747, 0.123671, 0.122532, 0.122025, 0.121646, 
15820, 0.130531, 0.128382, 0.126359, 0.124968, 0.123451, 0.122693, 0.121934, 0.121681, 
15840, 0.130556, 0.128283, 0.126515, 0.124747, 0.123674, 0.122538, 0.122033, 0.121654, 
15860, 0.130517, 0.128373, 0.126356, 0.124968, 0.123455, 0.122699, 0.121942, 0.12169, 
15880, 0.130542, 0.128275, 0.126511, 0.124748, 0.123678, 0.122544, 0.12204, 0.121662, 
15900, 0.130503, 0.128365, 0.126352, 0.124969, 0.123459, 0.122704, 0.12195, 0.121698, 
15920, 0.130528, 0.128266, 0.126508, 0.124749, 0.123681, 0.12255, 0.122048, 0.121671, 
15940, 0.130489, 0.128356, 0.126349, 0.124969, 0.123463, 0.12271, 0.121957, 0.121706, 
15960, 0.130514, 0.128258, 0.126504, 0.124749, 0.123684, 0.122556, 0.122055, 0.121679, 
15980, 0.130476, 0.128348, 0.126345, 0.124969, 0.123467, 0.122716, 0.121965, 0.121715, 
16000, 0.1305, 0.12825, 0.1265, 0.12475, 0.123687, 0.122562, 0.122062, 0.121688, 
16020, 0.130462, 0.12834, 0.126342, 0.124969, 0.123471, 0.122722, 0.121973, 0.121723, 
16040, 0.130486, 0.128242, 0.126496, 0.124751, 0.123691, 0.122569, 0.12207, 0.121696, 
16060, 0.130448, 0.128331, 0.126339, 0.124969, 0.123474, 0.122727, 0.12198, 0.121731, 
16080, 0.130473, 0.128234, 0.126493, 0.124751, 0.123694, 0.122575, 0.122077, 0.121704, 
16100, 0.130435, 0.128323, 0.126335, 0.124969, 0.123478, 0.122733, 0.121988, 0.121739, 
16120, 0.130459, 0.128226, 0.126489, 0.124752, 0.123697, 0.122581, 0.122084, 0.121712, 
16140, 0.130421, 0.128315, 0.126332, 0.124969, 0.123482, 0.122739, 0.121995, 0.121747, 
16160, 0.130446, 0.128218, 0.126485, 0.124752, 0.1237, 0.122587, 0.122092, 0.12172, 
16180, 0.130408, 0.128307, 0.126329, 0.124969, 0.123486, 0.122744, 0.122002, 0.121755, 
16200, 0.130432, 0.12821, 0.126481, 0.124753, 0.123704, 0.122593, 0.122099, 0.121728, 
16220, 0.130395, 0.128298, 0.126326, 0.124969, 0.12349, 0.12275, 0.12201, 0.121763, 
16240, 0.130419, 0.128202, 0.126478, 0.124754, 0.123707, 0.122599, 0.122106, 0.121736, 
16260, 0.130381, 0.12829, 0.126322, 0.124969, 0.123493, 0.122755, 0.122017, 0.121771, 
16280, 0.130405, 0.128194, 0.126474, 0.124754, 0.12371, 0.122604, 0.122113, 0.121744, 
16300, 0.130368, 0.128282, 0.126319, 0.124969, 0.123497, 0.122761, 0.122025, 0.121779, 
16320, 0.130392, 0.128186, 0.126471, 0.124755, 0.123713, 0.12261, 0.12212, 0.121752, 
16340, 0.130355, 0.128274, 0.126316, 0.124969, 0.123501, 0.122766, 0.122032, 0.121787, 
16360, 0.130379, 0.128178, 0.126467, 0.124756, 0.123716, 0.122616, 0.122127, 0.12176, 
16380, 0.130342, 0.128266, 0.126313, 0.124969, 0.123504, 0.122772, 0.122039, 0.121795, 
16400, 0.130366, 0.128171, 0.126463, 0.124756, 0.12372, 0.122622, 0.122134, 0.121768, 
16420, 0.130329, 0.128258, 0.126309, 0.12497, 0.123508, 0.122777, 0.122046, 0.121803, 
16440, 0.130353, 0.128163, 0.12646, 0.124757, 0.123723, 0.122628, 0.122141, 0.121776, 
16460, 0.130316, 0.12825, 0.126306, 0.12497, 0.123512, 0.122783, 0.122053, 0.12181, 
16480, 0.13034, 0.128155, 0.126456, 0.124757, 0.123726, 0.122633, 0.122148, 0.121784, 
16500, 0.130303, 0.128242, 0.126303, 0.12497, 0.123515, 0.122788, 0.122061, 0.121818, 
16520, 0.130327, 0.128148, 0.126453, 0.124758, 0.123729, 0.122639, 0.122155, 0.121792, 
16540, 0.13029, 0.128235, 0.1263, 0.12497, 0.123519, 0.122793, 0.122068, 0.121826, 
16560, 0.130314, 0.12814, 0.126449, 0.124758, 0.123732, 0.122645, 0.122162, 0.1218, 
16580, 0.130277, 0.128227, 0.126297, 0.12497, 0.123522, 0.122799, 0.122075, 0.121834, 
16600, 0.130301, 0.128133, 0.126446, 0.124759, 0.123735, 0.122651, 0.122169, 0.121807, 
16620, 0.130265, 0.128219, 0.126294, 0.12497, 0.123526, 0.122804, 0.122082, 0.121841, 
16640, 0.130288, 0.128125, 0.126442, 0.12476, 0.123738, 0.122656, 0.122175, 0.121815, 
16660, 0.130252, 0.128211, 0.126291, 0.12497, 0.123529, 0.122809, 0.122089, 0.121849, 
16680, 0.130276, 0.128118, 0.126439, 0.12476, 0.123741, 0.122662, 0.122182, 0.121823, 
16700, 0.13024, 0.128204, 0.126287, 0.12497, 0.123533, 0.122814, 0.122096, 0.121856, 
16720, 0.130263, 0.12811, 0.126435, 0.124761, 0.123744, 0.122667, 0.122189, 0.12183, 
16740, 0.130227, 0.128196, 0.126284, 0.12497, 0.123536, 0.12282, 0.122103, 0.121864, 
16760, 0.130251, 0.128103, 0.126432, 0.124761, 0.123747, 0.122673, 0.122196, 0.121838, 
16780, 0.130215, 0.128188, 0.126281, 0.12497, 0.12354, 0.122825, 0.12211, 0.121871, 
16800, 0.130238, 0.128095, 0.126429, 0.124762, 0.12375, 0.122679, 0.122202, 0.121845, 
16820, 0.130202, 0.128181, 0.126278, 0.12497, 0.123543, 0.12283, 0.122117, 0.121879, 
16840, 0.130226, 0.128088, 0.126425, 0.124762, 0.123753, 0.122684, 0.122209, 0.121853, 
16860, 0.13019, 0.128173, 0.126275, 0.12497, 0.123547, 0.122835, 0.122123, 0.121886, 
16880, 0.130213, 0.128081, 0.126422, 0.124763, 0.123756, 0.12269, 0.122216, 0.12186, 
16900, 0.130178, 0.128166, 0.126272, 0.12497, 0.12355, 0.12284, 0.12213, 0.121893, 
16920, 0.130201, 0.128073, 0.126418, 0.124764, 0.123759, 0.122695, 0.122222, 0.121868, 
16940, 0.130165, 0.128158, 0.126269, 0.12497, 0.123554, 0.122845, 0.122137, 0.121901, 
16960, 0.130189, 0.128066, 0.126415, 0.124764, 0.123762, 0.1227, 0.122229, 0.121875, 
16980, 0.130153, 0.128151, 0.126266, 0.124971, 0.123557, 0.12285, 0.122144, 0.121908, 
17000, 0.130176, 0.128059, 0.126412, 0.124765, 0.123765, 0.122706, 0.122235, 0.121882, 
17020, 0.130141, 0.128143, 0.126263, 0.124971, 0.123561, 0.122855, 0.12215, 0.121915, 
17040, 0.130164, 0.128052, 0.126408, 0.124765, 0.123768, 0.122711, 0.122242, 0.12189, 
17060, 0.130129, 0.128136, 0.12626, 0.124971, 0.123564, 0.12286, 0.122157, 0.121923, 
17080, 0.130152, 0.128045, 0.126405, 0.124766, 0.12377, 0.122717, 0.122248, 0.121897, 
17100, 0.130117, 0.128129, 0.126257, 0.124971, 0.123567, 0.122865, 0.122164, 0.12193, 
17120, 0.13014, 0.128037, 0.126402, 0.124766, 0.123773, 0.122722, 0.122255, 0.121904, 
17140, 0.130105, 0.128121, 0.126254, 0.124971, 0.123571, 0.12287, 0.12217, 0.121937, 
17160, 0.130128, 0.12803, 0.126399, 0.124767, 0.123776, 0.122727, 0.122261, 0.121911, 
17180, 0.130093, 0.128114, 0.126251, 0.124971, 0.123574, 0.122875, 0.122177, 0.121944, 
17200, 0.130116, 0.128023, 0.126395, 0.124767, 0.123779, 0.122733, 0.122267, 0.121919, 
17220, 0.130081, 0.128107, 0.126249, 0.124971, 0.123577, 0.12288, 0.122184, 0.121951, 
17240, 0.130104, 0.128016, 0.126392, 0.124768, 0.123782, 0.122738, 0.122274, 0.121926, 
17260, 0.13007, 0.1281, 0.126246, 0.124971, 0.123581, 0.122885, 0.12219, 0.121958, 
17280, 0.130093, 0.128009, 0.126389, 0.124769, 0.123785, 0.122743, 0.12228, 0.121933, 
17300, 0.130058, 0.128092, 0.126243, 0.124971, 0.123584, 0.12289, 0.122197, 0.121965, 
17320, 0.130081, 0.128002, 0.126386, 0.124769, 0.123788, 0.122748, 0.122286, 0.12194, 
17340, 0.130046, 0.128085, 0.12624, 0.124971, 0.123587, 0.122895, 0.122203, 0.121972, 
17360, 0.130069, 0.127995, 0.126382, 0.12477, 0.12379, 0.122753, 0.122293, 0.121947, 
17380, 0.130035, 0.128078, 0.126237, 0.124971, 0.12359, 0.1229, 0.122209, 0.121979, 
17400, 0.130057, 0.127989, 0.126379, 0.12477, 0.123793, 0.122759, 0.122299, 0.121954, 
17420, 0.130023, 0.128071, 0.126234, 0.124971, 0.123594, 0.122905, 0.122216, 0.121986, 
17440, 0.130046, 0.127982, 0.126376, 0.124771, 0.123796, 0.122764, 0.122305, 0.121961, 
17460, 0.130011, 0.128064, 0.126231, 0.124971, 0.123597, 0.12291, 0.122222, 0.121993, 
17480, 0.130034, 0.127975, 0.126373, 0.124771, 0.123799, 0.122769, 0.122311, 0.121968, 
17500, 0.13, 0.128057, 0.126229, 0.124971, 0.1236, 0.122914, 0.122229, 0.122, 
17520, 0.130023, 0.127968, 0.12637, 0.124772, 0.123801, 0.122774, 0.122317, 0.121975, 
17540, 0.129989, 0.12805, 0.126226, 0.124971, 0.123603, 0.122919, 0.122235, 0.122007, 
17560, 0.130011, 0.127961, 0.126367, 0.124772, 0.123804, 0.122779, 0.122323, 0.121982, 
17580, 0.129977, 0.128043, 0.126223, 0.124972, 0.123606, 0.122924, 0.122241, 0.122014, 
17600, 0.13, 0.127955, 0.126364, 0.124773, 0.123807, 0.122784, 0.12233, 0.121989, 
17620, 0.129966, 0.128036, 0.12622, 0.124972, 0.12361, 0.122928, 0.122247, 0.12202, 
17640, 0.129989, 0.127948, 0.126361, 0.124773, 0.12381, 0.122789, 0.122336, 0.121995, 
17660, 0.129955, 0.128029, 0.126217, 0.124972, 0.123613, 0.122933, 0.122254, 0.122027, 
17680, 0.129977, 0.127941, 0.126357, 0.124774, 0.123812, 0.122794, 0.122342, 0.122002, 
17700, 0.129944, 0.128023, 0.126215, 0.124972, 0.123616, 0.122938, 0.12226, 0.122034, 
17720, 0.129966, 0.127935, 0.126354, 0.124774, 0.123815, 0.122799, 0.122348, 0.122009, 
17740, 0.129932, 0.128016, 0.126212, 0.124972, 0.123619, 0.122942, 0.122266, 0.122041, 
17760, 0.129955, 0.127928, 0.126351, 0.124775, 0.123818, 0.122804, 0.122354, 0.122016, 
17780, 0.129921, 0.128009, 0.126209, 0.124972, 0.123622, 0.122947, 0.122272, 0.122047, 
17800, 0.129944, 0.127921, 0.126348, 0.124775, 0.12382, 0.122809, 0.12236, 0.122022, 
17820, 0.12991, 0.128002, 0.126207, 0.124972, 0.123625, 0.122952, 0.122278, 0.122054, 
17840, 0.129933, 0.127915, 0.126345, 0.124776, 0.123823, 0.122814, 0.122365, 0.122029, 
17860, 0.129899, 0.127996, 0.126204, 0.124972, 0.123628, 0.122956, 0.122284, 0.12206, 
17880, 0.129922, 0.127908, 0.126342, 0.124776, 0.123826, 0.122819, 0.122371, 0.122036, 
17900, 0.129888, 0.127989, 0.126201, 0.124972, 0.123631, 0.122961, 0.12229, 0.122067, 
17920, 0.129911, 0.127902, 0.126339, 0.124777, 0.123828, 0.122824, 0.122377, 0.122042, 
17940, 0.129877, 0.127982, 0.126198, 0.124972, 0.123634, 0.122965, 0.122297, 0.122074, 
17960, 0.1299, 0.127895, 0.126336, 0.124777, 0.123831, 0.122829, 0.122383, 0.122049, 
17980, 0.129867, 0.127976, 0.126196, 0.124972, 0.123637, 0.12297, 0.122303, 0.12208, 
18000, 0.129889, 0.127889, 0.126333, 0.124778, 0.123833, 0.122833, 0.122389, 0.122056, 
18020, 0.129856, 0.127969, 0.126193, 0.124972, 0.12364, 0.122974, 0.122309, 0.122087, 
18040, 0.129878, 0.127882, 0.12633, 0.124778, 0.123836, 0.122838, 0.122395, 0.122062, 
18060, 0.129845, 0.127962, 0.12619, 0.124972, 0.123643, 0.122979, 0.122315, 0.122093, 
18080, 0.129867, 0.127876, 0.126327, 0.124779, 0.123838, 0.122843, 0.1224, 0.122069, 
18100, 0.129834, 0.127956, 0.126188, 0.124972, 0.123646, 0.122983, 0.12232, 0.122099, 
18120, 0.129857, 0.12787, 0.126325, 0.124779, 0.123841, 0.122848, 0.122406, 0.122075, 
18140, 0.129824, 0.127949, 0.126185, 0.124972, 0.123649, 0.122988, 0.122326, 0.122106, 
18160, 0.129846, 0.127863, 0.126322, 0.12478, 0.123844, 0.122852, 0.122412, 0.122081, 
18180, 0.129813, 0.127943, 0.126183, 0.124972, 0.123652, 0.122992, 0.122332, 0.122112, 
18200, 0.129835, 0.127857, 0.126319, 0.12478, 0.123846, 0.122857, 0.122418, 0.122088, 
18220, 0.129802, 0.127936, 0.12618, 0.124973, 0.123655, 0.122997, 0.122338, 0.122119, 
18240, 0.129825, 0.127851, 0.126316, 0.124781, 0.123849, 0.122862, 0.122423, 0.122094, 
18260, 0.129792, 0.12793, 0.126177, 0.124973, 0.123658, 0.123001, 0.122344, 0.122125, 
18280, 0.129814, 0.127845, 0.126313, 0.124781, 0.123851, 0.122867, 0.122429, 0.122101, 
18300, 0.129781, 0.127924, 0.126175, 0.124973, 0.123661, 0.123005, 0.12235, 0.122131, 
18320, 0.129803, 0.127838, 0.12631, 0.124782, 0.123854, 0.122871, 0.122434, 0.122107, 
18340, 0.129771, 0.127917, 0.126172, 0.124973, 0.123664, 0.12301, 0.122356, 0.122137, 
18360, 0.129793, 0.127832, 0.126307, 0.124782, 0.123856, 0.122876, 0.12244, 0.122113, 
18380, 0.129761, 0.127911, 0.12617, 0.124973, 0.123667, 0.123014, 0.122361, 0.122144, 
18400, 0.129783, 0.127826, 0.126304, 0.124783, 0.123859, 0.12288, 0.122446, 0.12212, 
18420, 0.12975, 0.127904, 0.126167, 0.124973, 0.12367, 0.123018, 0.122367, 0.12215, 
18440, 0.129772, 0.12782, 0.126302, 0.124783, 0.123861, 0.122885, 0.122451, 0.122126, 
18460, 0.12974, 0.127898, 0.126165, 0.124973, 0.123673, 0.123023, 0.122373, 0.122156, 
18480, 0.129762, 0.127814, 0.126299, 0.124784, 0.123864, 0.12289, 0.122457, 0.122132, 
18500, 0.12973, 0.127892, 0.126162, 0.124973, 0.123676, 0.123027, 0.122378, 0.122162, 
18520, 0.129752, 0.127808, 0.126296, 0.124784, 0.123866, 0.122894, 0.122462, 0.122138, 
18540, 0.12972, 0.127886, 0.12616, 0.124973, 0.123679, 0.123031, 0.122384, 0.122168, 
18560, 0.129741, 0.127802, 0.126293, 0.124784, 0.123869, 0.122899, 0.122468, 0.122144, 
18580, 0.129709, 0.127879, 0.126157, 0.124973, 0.123681, 0.123036, 0.12239, 0.122174, 
18600, 0.129731, 0.127796, 0.12629, 0.124785, 0.123871, 0.122903, 0.122473, 0.122151, 
18620, 0.129699, 0.127873, 0.126155, 0.124973, 0.123684, 0.12304, 0.122395, 0.12218, 
18640, 0.129721, 0.12779, 0.126288, 0.124785, 0.123873, 0.122908, 0.122479, 0.122157, 
18660, 0.129689, 0.127867, 0.126152, 0.124973, 0.123687, 0.123044, 0.122401, 0.122186, 
18680, 0.129711, 0.127784, 0.126285, 0.124786, 0.123876, 0.122912, 0.122484, 0.122163, 
18700, 0.129679, 0.127861, 0.12615, 0.124973, 0.12369, 0.123048, 0.122406, 0.122193, 
18720, 0.129701, 0.127778, 0.126282, 0.124786, 0.123878, 0.122917, 0.122489, 0.122169, 
18740, 0.129669, 0.127855, 0.126147, 0.124973, 0.123693, 0.123052, 0.122412, 0.122199, 
18760, 0.129691, 0.127772, 0.126279, 0.124787, 0.123881, 0.122921, 0.122495, 0.122175, 
18780, 0.129659, 0.127849, 0.126145, 0.124973, 0.123695, 0.123056, 0.122417, 0.122204, 
18800, 0.129681, 0.127766, 0.126277, 0.124787, 0.123883, 0.122926, 0.1225, 0.122181, 
18820, 0.129649, 0.127843, 0.126142, 0.124973, 0.123698, 0.123061, 0.122423, 0.12221, 
18840, 0.129671, 0.12776, 0.126274, 0.124788, 0.123885, 0.12293, 0.122505, 0.122187, 
18860, 0.129639, 0.127837, 0.12614, 0.124973, 0.123701, 0.123065, 0.122428, 0.122216, 
18880, 0.129661, 0.127754, 0.126271, 0.124788, 0.123888, 0.122934, 0.122511, 0.122193, 
18900, 0.12963, 0.127831, 0.126138, 0.124974, 0.123704, 0.123069, 0.122434, 0.122222, 
18920, 0.129651, 0.127748, 0.126269, 0.124789, 0.12389, 0.122939, 0.122516, 0.122199, 
18940, 0.12962, 0.127825, 0.126135, 0.124974, 0.123706, 0.123073, 0.122439, 0.122228, 
18960, 0.129641, 0.127743, 0.126266, 0.124789, 0.123892, 0.122943, 0.122521, 0.122205, 
18980, 0.12961, 0.127819, 0.126133, 0.124974, 0.123709, 0.123077, 0.122445, 0.122234, 
19000, 0.129632, 0.127737, 0.126263, 0.124789, 0.123895, 0.122947, 0.122526, 0.122211, 
19020, 0.1296, 0.127813, 0.12613, 0.124974, 0.123712, 0.123081, 0.12245, 0.12224, 
19040, 0.129622, 0.127731, 0.126261, 0.12479, 0.123897, 0.122952, 0.122532, 0.122216, 
19060, 0.129591, 0.127807, 0.126128, 0.124974, 0.123715, 0.123085, 0.122455, 0.122246, 
19080, 0.129612, 0.127725, 0.126258, 0.12479, 0.123899, 0.122956, 0.122537, 0.122222, 
19100, 0.129581, 0.127801, 0.126126, 0.124974, 0.123717, 0.123089, 0.122461, 0.122251, 
19120, 0.129603, 0.12772, 0.126255, 0.124791, 0.123902, 0.12296, 0.122542, 0.122228, 
19140, 0.129572, 0.127795, 0.126123, 0.124974, 0.12372, 0.123093, 0.122466, 0.122257, 
19160, 0.129593, 0.127714, 0.126253, 0.124791, 0.123904, 0.122965, 0.122547, 0.122234, 
19180, 0.129562, 0.127789, 0.126121, 0.124974, 0.123723, 0.123097, 0.122471, 0.122263, 
19200, 0.129583, 0.127708, 0.12625, 0.124792, 0.123906, 0.122969, 0.122552, 0.12224, 
19220, 0.129553, 0.127784, 0.126119, 0.124974, 0.123725, 0.123101, 0.122477, 0.122268, 
19240, 0.129574, 0.127703, 0.126247, 0.124792, 0.123909, 0.122973, 0.122557, 0.122245, 
19260, 0.129543, 0.127778, 0.126116, 0.124974, 0.123728, 0.123105, 0.122482, 0.122274, 
19280, 0.129564, 0.127697, 0.126245, 0.124793, 0.123911, 0.122977, 0.122562, 0.122251, 
19300, 0.129534, 0.127772, 0.126114, 0.124974, 0.123731, 0.123109, 0.122487, 0.12228, 
19320, 0.129555, 0.127692, 0.126242, 0.124793, 0.123913, 0.122981, 0.122567, 0.122257, 
19340, 0.129524, 0.127766, 0.126112, 0.124974, 0.123733, 0.123113, 0.122492, 0.122285, 
19360, 0.129545, 0.127686, 0.12624, 0.124793, 0.123915, 0.122986, 0.122572, 0.122262, 
19380, 0.129515, 0.127761, 0.126109, 0.124974, 0.123736, 0.123117, 0.122497, 0.122291, 
19400, 0.129536, 0.12768, 0.126237, 0.124794, 0.123918, 0.12299, 0.122577, 0.122268, 
19420, 0.129506, 0.127755, 0.126107, 0.124974, 0.123738, 0.12312, 0.122503, 0.122297, 
19440, 0.129527, 0.127675, 0.126235, 0.124794, 0.12392, 0.122994, 0.122582, 0.122274, 
19460, 0.129496, 0.127749, 0.126105, 0.124974, 0.123741, 0.123124, 0.122508, 0.122302, 
19480, 0.129517, 0.127669, 0.126232, 0.124795, 0.123922, 0.122998, 0.122587, 0.122279, 
19500, 0.129487, 0.127744, 0.126103, 0.124974, 0.123744, 0.123128, 0.122513, 0.122308, 
19520, 0.129508, 0.127664, 0.12623, 0.124795, 0.123924, 0.123002, 0.122592, 0.122285, 
19540, 0.129478, 0.127738, 0.1261, 0.124974, 0.123746, 0.123132, 0.122518, 0.122313, 
19560, 0.129499, 0.127658, 0.126227, 0.124796, 0.123926, 0.123006, 0.122597, 0.12229, 
19580, 0.129469, 0.127732, 0.126098, 0.124974, 0.123749, 0.123136, 0.122523, 0.122319, 
19600, 0.12949, 0.127653, 0.126224, 0.124796, 0.123929, 0.12301, 0.122602, 0.122296, 
19620, 0.12946, 0.127727, 0.126096, 0.124975, 0.123751, 0.12314, 0.122528, 0.122324, 
19640, 0.129481, 0.127648, 0.126222, 0.124796, 0.123931, 0.123014, 0.122607, 0.122301, 
19660, 0.129451, 0.127721, 0.126094, 0.124975, 0.123754, 0.123143, 0.122533, 0.12233, 
19680, 0.129472, 0.127642, 0.12622, 0.124797, 0.123933, 0.123018, 0.122612, 0.122307, 
19700, 0.129442, 0.127716, 0.126091, 0.124975, 0.123756, 0.123147, 0.122538, 0.122335, 
19720, 0.129462, 0.127637, 0.126217, 0.124797, 0.123935, 0.123022, 0.122617, 0.122312, 
19740, 0.129433, 0.12771, 0.126089, 0.124975, 0.123759, 0.123151, 0.122543, 0.12234, 
19760, 0.129453, 0.127632, 0.126215, 0.124798, 0.123937, 0.123026, 0.122621, 0.122318, 
19780, 0.129424, 0.127705, 0.126087, 0.124975, 0.123761, 0.123155, 0.122548, 0.122346, 
19800, 0.129444, 0.127626, 0.126212, 0.124798, 0.123939, 0.12303, 0.122626, 0.122323, 
19820, 0.129415, 0.127699, 0.126085, 0.124975, 0.123764, 0.123158, 0.122553, 0.122351, 
19840, 0.129435, 0.127621, 0.12621, 0.124798, 0.123942, 0.123034, 0.122631, 0.122329, 
19860, 0.129406, 0.127694, 0.126083, 0.124975, 0.123766, 0.123162, 0.122558, 0.122356, 
19880, 0.129427, 0.127616, 0.126207, 0.124799, 0.123944, 0.123038, 0.122636, 0.122334, 
19900, 0.129397, 0.127688, 0.12608, 0.124975, 0.123769, 0.123166, 0.122563, 0.122362, 
19920, 0.129418, 0.12761, 0.126205, 0.124799, 0.123946, 0.123042, 0.122641, 0.122339, 
19940, 0.129388, 0.127683, 0.126078, 0.124975, 0.123771, 0.12317, 0.122568, 0.122367, 
19960, 0.129409, 0.127605, 0.126202, 0.1248, 0.123948, 0.123046, 0.122645, 0.122345, 
19980, 0.129379, 0.127678, 0.126076, 0.124975, 0.123774, 0.123173, 0.122573, 0.122372, 
20000, 0.1294, 0.1276, 0.1262, 0.1248, 0.12395, 0.12305, 0.12265, 0.12235, 
